ATC;Anbefaling
A02BC;Seponér protonpumpehæmmer ved funktionel dyspepsi (symptomer uden organisk forklaring). HVORFOR: PPI øger risikoen for mavetarminfektioner og kan øge risikoen for fraktur. HVORDAN: Kan seponeres uden aftrapning eller ved aftrapning, hvor dosis halveres (fx hver 2. uge). Efter behandling i mere end 4-8 uger kan der forekomme øget syresekretion (rebound). Brug i disse tilfælde syreneutraliserende midler p.n. i en periode.
A02BC;Seponér protonpumpehæmmer ved ukompliceret ulcus (ingen blødning eller perforation) når patienten er symptomfri (tager op til 4 uger). HVORFOR: PPI øger risikoen for mavetarminfektioner og kan øge risikoen for fraktur. HVORDAN: Kan seponeres uden aftrapning eller ved aftrapning, hvor dosis halveres (fx hver 2. uge). Efter behandling i mere end 4-8 uger kan der forekomme øget syresekretion (rebound). Brug i disse tilfælde syreneutraliserende midler p.n. i en periode.
A02BC;Seponér protonpumpehæmmer ved ophør af lægemidler, hvor PPI alene er givet som ulcusprofylakse (fx NSAID [inkl. ASA], prednisolon og SSRI). HVORFOR: PPI øger risikoen for mavetarminfektioner og kan øge risikoen for fraktur. HVORDAN: Kan seponeres uden aftrapning eller ved aftrapning, hvor dosis halveres (fx hver 2. uge). Efter behandling i mere end 4-8 uger kan der forekomme øget syresekretion (rebound). Brug i disse tilfælde syreneutraliserende midler p.n. i en periode.
A03FA01;Seponér metoclopramid inden for 5 dage. HVORFOR: Der er set alvorlige bivirkninger (fx ekstrapyramidale og kardielle bivirkninger). HVORDAN: Kan seponeres uden aftrapning - både efter fast og p.n. behandling.
A03FA03;Seponér domperidon inden for 7 dage. HVORFOR: Der er set alvorlige bivirkninger (fx ekstrapyramidale og kardielle bivirkninger). HVORDAN: Kan seponeres uden aftrapning - både efter fast og p.n. behandling.
B01AC06;"Seponér acetylsalicylsyre (ASA) ved fravær af manifest kardiovaskulær sygdom og/eller diabetes. HVORFOR: ASA anbefales generelt ikke som primær profylakse, da den forebyggende effekt ikke opvejer blødningsrisikoen. Enterocoating (fx Hjertealbyl) mindsker ikke risikoen for GI-bivirkninger. Ved diabetes anbefales ASA ved tilstedeværelse af: kardiovaskulær sygdom (Iskæmisk hjertesygdom, perifer åreforkalkning, apoplexi eller TCI); nyresygdom (albuminuri og/eller eGFR mindre end 60 ml/min/1.73m”); meget høj kardiovaskulær risiko defineret ved 3 eller flere af følgende risikofaktorer: alder over 60 år, mandligt køn, familiær disposition til kardiovaskulær sygdom, ukontrolleret dyslipidæmi eller hypertension, rygning. HVORDAN: Kan seponeres uden aftrapning."
B01AC06;Overvej seponering af enten trombocythæmmer eller antikoagulerende behandling, hvis der ikke er lagt en plan for det. Fx. ASA kombinderet med warfarin, DOAK (fx Xarelto) eller clopidogrel. Livslang kombinationsbehandling er meget sjældent indiceret. Efter akut kardiovaskulær sygdom, fx akut koronart syndrom eller visse typer apopleksi, gives det hos udvalgte patienter i en periode, ofte 3-12 måneder. Kontakt specialist ved tvivl. HVORDAN: Kan seponeres uden aftrapning
C01DA;Overvej seponering af langtidsvirkende nitrater ved stabil iskæmisk hjertesygdom uden symptomer (typisk 1-6 måneder efter revaskularisering). HVORDAN: Kan seponeres uden aftrapning. Fortsæt p.n. behandling med hurtigtvirkende nitroglycerin.
C03EB;Seponér loop-diuretika ved ukompliceret hypertension. HVORFOR: Diuretika er hyppig årsag til indlæggelser pga. fald, elektrolytforstyrrelser mv. HVORDAN: Bør seponeres ved aftrapning, pga risiko for væskeophobning (rebound). Husk vægt- og elektrolytkontrol og hold øje med evt. recidiv af inkompensation. Vær obs på justering af kaliumtilskud ved seponering eller reduktion i dosis.
C03CA;Seponér loop-diuretika ved ukompliceret hypertension. HVORFOR: Diuretika er hyppig årsag til indlæggelser pga. fald, elektrolytforstyrrelser mv. HVORDAN: Bør seponeres ved aftrapning, pga risiko for væskeophobning (rebound). Husk vægt- og elektrolytkontrol og hold øje med evt. recidiv af inkompensation. Vær obs på justering af kaliumtilskud ved seponering eller reduktion i dosis.
C03EB;Seponér loop-diuretika ved perifere ødemer uden organspecifik årsag. HVORFOR: Diuretika er hyppig årsag til indlæggelser pga. fald, elektrolytforstyrrelser mv. HVORDAN: Bør seponeres ved aftrapning, pga risiko for væskeophobning (rebound). Husk vægt- og elektrolytkontrol og hold øje med evt. recidiv af inkompensation. Vær obs på justering af kaliumtilskud ved seponering eller reduktion i dosis.
C03CA;Seponér loop-diuretika ved perifere ødemer uden organspecifik årsag. HVORFOR: Diuretika er hyppig årsag til indlæggelser pga. fald, elektrolytforstyrrelser mv. HVORDAN: Bør seponeres ved aftrapning, pga risiko for væskeophobning (rebound). Husk vægt- og elektrolytkontrol og hold øje med evt. recidiv af inkompensation. Vær obs på justering af kaliumtilskud ved seponering eller reduktion i dosis.
C03EB;Nedtrap loop-diuretika til lavest mulige dosis ved hjerteinsufficiens. Effekten er kun symptomatisk. HVORFOR: Diuretika er hyppig årsag til indlæggelser pga. fald, elektrolytforstyrrelser mv. HVORDAN: Bør seponeres ved aftrapning, pga risiko for væskeophobning (rebound). Husk vægt- og elektrolytkontrol og hold øje med evt. recidiv af inkompensation. Vær obs på justering af kaliumtilskud ved seponering eller reduktion i dosis.
C03CA;Nedtrap loop-diuretika til lavest mulige dosis ved hjerteinsufficiens. Effekten er kun symptomatisk. HVORFOR: Diuretika er hyppig årsag til indlæggelser pga. fald, elektrolytforstyrrelser mv. HVORDAN: Bør seponeres ved aftrapning, pga risiko for væskeophobning (rebound). Husk vægt- og elektrolytkontrol og hold øje med evt. recidiv af inkompensation. Vær obs på justering af kaliumtilskud ved seponering eller reduktion i dosis.
C07AG01;Seponer betablokkere senest 2 år efter akut myokardieinfarkt med ST-elevation (STEMI), medmindre der findes andre grunde til at fortsætte behandlingen (fx systolisk hjertesvigt eller hypertension). HVORDAN: Bør seponeres ved aftrapning over 1-2 uger pga. risiko for seponeringssyndrom (takykardi, hovedpine, svedeture og trykken i brystet).
C07AB;Seponer betablokkere senest 2 år efter akut myokardieinfarkt med ST-elevation (STEMI), medmindre der findes andre grunde til at fortsætte behandlingen (fx systolisk hjertesvigt eller hypertension). HVORDAN: Bør seponeres ved aftrapning over 1-2 uger pga. risiko for seponeringssyndrom (takykardi, hovedpine, svedeture og trykken i brystet).
C07AA;Seponer betablokkere senest 2 år efter akut myokardieinfarkt med ST-elevation (STEMI), medmindre der findes andre grunde til at fortsætte behandlingen (fx systolisk hjertesvigt eller hypertension). HVORDAN: Bør seponeres ved aftrapning over 1-2 uger pga. risiko for seponeringssyndrom (takykardi, hovedpine, svedeture og trykken i brystet).
C07AG02;Seponer betablokkere senest 2 år efter akut myokardieinfarkt med ST-elevation (STEMI), medmindre der findes andre grunde til at fortsætte behandlingen (fx systolisk hjertesvigt eller hypertension). HVORDAN: Bør seponeres ved aftrapning over 1-2 uger pga. risiko for seponeringssyndrom (takykardi, hovedpine, svedeture og trykken i brystet).
C07AG01;Seponer betablokkere anvendt som monoterapi ved ukompliceret hypertension. HVORDAN: Bør seponeres ved aftrapning over 1-2 uger pga. risiko for seponeringssyndrom (takykardi, hovedpine, svedeture og trykken i brystet).
C07AB;Seponer betablokkere anvendt som monoterapi ved ukompliceret hypertension. HVORDAN: Bør seponeres ved aftrapning over 1-2 uger pga. risiko for seponeringssyndrom (takykardi, hovedpine, svedeture og trykken i brystet).
C07AA;Seponer betablokkere anvendt som monoterapi ved ukompliceret hypertension. HVORDAN: Bør seponeres ved aftrapning over 1-2 uger pga. risiko for seponeringssyndrom (takykardi, hovedpine, svedeture og trykken i brystet).
C07AG02;Seponer betablokkere anvendt som monoterapi ved ukompliceret hypertension. HVORDAN: Bør seponeres ved aftrapning over 1-2 uger pga. risiko for seponeringssyndrom (takykardi, hovedpine, svedeture og trykken i brystet).
C10AA;Seponér statiner ved kort forventet restlevetid og/eller svær skrøbelighed. HVORDAN: Kan seponeres uden aftrapning.
C10BA;Seponér statiner ved kort forventet restlevetid og/eller svær skrøbelighed. HVORDAN: Kan seponeres uden aftrapning.
C10AA;Overvej seponering af statiner ved primær profylakse og samtidig lav risiko for at dø af kardiovaskulær sygdom ud fra en samlet risikovurdering. HVORDAN: Kan seponeres uden aftrapning.
C10BA;Overvej seponering af statiner ved primær profylakse og samtidig lav risiko for at dø af kardiovaskulær sygdom ud fra en samlet risikovurdering. HVORDAN: Kan seponeres uden aftrapning.
G03AB;Seponér hormonelle kombinationspræparater ved alvorlige risikofaktorer (herunder migræne med aura) for arteriel eller venøs tromboembolisk sygdom. HVORDAN: Kan seponeres uden aftrapning. Vejled i alternative præventionsformer fx gestagen-alene præparater.
G03AA;Seponér hormonelle kombinationspræparater ved alvorlige risikofaktorer (herunder migræne med aura) for arteriel eller venøs tromboembolisk sygdom. HVORDAN: Kan seponeres uden aftrapning. Vejled i alternative præventionsformer fx gestagen-alene præparater.
G03AB;Seponér hormonelle kombinationspræparater ved alder over 40 år. HVORDAN: Kan seponeres uden aftrapning. Vejled i alternative præventionsformer fx gestagen-alene præparater.
G03AA;Seponér hormonelle kombinationspræparater ved alder over 40 år. HVORDAN: Kan seponeres uden aftrapning. Vejled i alternative præventionsformer fx gestagen-alene præparater.
G03FB;Seponér systemisk hormonbehandling ved en samlet behandlingsvarighed på 5 år eller derover. HVORFOR: Hormonbehandling øger risikoen for brystkræft, æggestokkræft, kræft i livmoderslimhinden og blodpropper. HVORDAN: Kan seponeres ved dosisreduktion på 25-50 % for hver 2-4 uger.
G03FA;Seponér systemisk hormonbehandling ved en samlet behandlingsvarighed på 5 år eller derover. HVORFOR: Hormonbehandling øger risikoen for brystkræft, æggestokkræft, kræft i livmoderslimhinden og blodpropper. HVORDAN: Kan seponeres ved dosisreduktion på 25-50 % for hver 2-4 uger.
G03CX01;Seponér systemisk hormonbehandling ved en samlet behandlingsvarighed på 5 år eller derover. HVORFOR: Hormonbehandling øger risikoen for brystkræft, æggestokkræft, kræft i livmoderslimhinden og blodpropper. HVORDAN: Kan seponeres ved dosisreduktion på 25-50 % for hver 2-4 uger.
G03CA;Seponér systemisk hormonbehandling ved en samlet behandlingsvarighed på 5 år eller derover. HVORFOR: Hormonbehandling øger risikoen for brystkræft, æggestokkræft, kræft i livmoderslimhinden og blodpropper. HVORDAN: Kan seponeres ved dosisreduktion på 25-50 % for hver 2-4 uger.
G04CA53;Seponér lægemidler mod overaktiv blæresyndrom ved manglende effekt efter 1-2 måneders behandling. HVORFOR: Midlerne har beskeden effekt, mange bivirkninger og interaktioner. HVORDAN: Kan seponeres uden aftrapning.
G04BD;Seponér lægemidler mod overaktiv blæresyndrom ved manglende effekt efter 1-2 måneders behandling. HVORFOR: Midlerne har beskeden effekt, mange bivirkninger og interaktioner. HVORDAN: Kan seponeres uden aftrapning.
G04BD;Seponér lægemidler mod overaktiv blæresyndrom ved permanent kateter. HVORFOR: Midlerne har beskeden effekt, mange bivirkninger og interaktioner. HVORDAN: Kan seponeres uden aftrapning.
G04CA53;Seponér lægemidler mod overaktiv blæresyndrom ved permanent kateter. HVORFOR: Midlerne har beskeden effekt, mange bivirkninger og interaktioner. HVORDAN: Kan seponeres uden aftrapning.
G04BD;Overvej seponering af lægemidler mod overaktiv blæresyndrom ved langvarig behandling. HVORFOR: Midlerne har beskeden effekt, mange bivirkninger og interaktioner. HVORDAN: Kan seponeres uden aftrapning.
G04CA53;Overvej seponering af lægemidler mod overaktiv blæresyndrom ved langvarig behandling. HVORFOR: Midlerne har beskeden effekt, mange bivirkninger og interaktioner. HVORDAN: Kan seponeres uden aftrapning.
G04BD;Overvej seponering af lægemidler mod overaktiv blæresyndrom ved langvarig behandling. Behandlingen bør én gang om året pauseres i 3 uger med henblik på revurdering af effekt. HVORFOR: Effekten er beskeden med mange bivirkninger og interaktioner. HVORDAN: Kan seponeres uden aftrapning. 
G04CA53;Overvej seponering af lægemidler mod overaktiv blæresyndrom ved langvarig behandling. Behandlingen bør én gang om året pauseres i 3 uger med henblik på revurdering af effekt. HVORFOR: Effekten er beskeden med mange bivirkninger og interaktioner. HVORDAN: Kan seponeres uden aftrapning. 
G04CB;Seponer 5-alfa-reduktasehæmmer ved manglende effekt efter 12 måneders behandling. HVORFOR: Effekten på vandladningsbesvær er usikker og en evt. effekt indtræder først efter 6-12 måneder. HVORDAN: Kan seponeres uden aftrapning.
G04CA;Seponer 5-alfa-reduktasehæmmer ved manglende effekt efter 12 måneders behandling. HVORFOR: Effekten på vandladningsbesvær er usikker og en evt. effekt indtræder først efter 6-12 måneder. HVORDAN: Kan seponeres uden aftrapning.
J01XE01;Overvej seponering af antibiotika ved forebyggelse af urinvejsinfektioner. HVORFOR: Frarådes generelt pga. risiko for resistensudvikling. Seponer inden for 6 mdr., hvis langtidsbehandling er nødvendig. Langtidsbehandling med nitrofurantoin kan give lungefibrose. HVORDAN: Kan seponeres uden aftrapning.
J01XX01;Overvej seponering af antibiotika ved forebyggelse af urinvejsinfektioner. HVORFOR: Frarådes generelt pga. risiko for resistensudvikling. Seponer inden for 6 mdr., hvis langtidsbehandling er nødvendig. Langtidsbehandling med nitrofurantoin kan give lungefibrose. HVORDAN: Kan seponeres uden aftrapning.
J01EE01;Overvej seponering af antibiotika ved forebyggelse af urinvejsinfektioner. HVORFOR: Frarådes generelt pga. risiko for resistensudvikling. Seponer inden for 6 mdr., hvis langtidsbehandling er nødvendig. Langtidsbehandling med nitrofurantoin kan give lungefibrose. HVORDAN: Kan seponeres uden aftrapning.
J01CA08;Overvej seponering af antibiotika ved forebyggelse af urinvejsinfektioner. HVORFOR: Frarådes generelt pga. risiko for resistensudvikling. Seponer inden for 6 mdr., hvis langtidsbehandling er nødvendig. Langtidsbehandling med nitrofurantoin kan give lungefibrose. HVORDAN: Kan seponeres uden aftrapning.
J01DB01;Overvej seponering af antibiotika ved forebyggelse af urinvejsinfektioner. HVORFOR: Frarådes generelt pga. risiko for resistensudvikling. Seponer inden for 6 mdr., hvis langtidsbehandling er nødvendig. Langtidsbehandling med nitrofurantoin kan give lungefibrose. HVORDAN: Kan seponeres uden aftrapning.
J01EB02;Overvej seponering af antibiotika ved forebyggelse af urinvejsinfektioner. HVORFOR: Frarådes generelt pga. risiko for resistensudvikling. Seponer inden for 6 mdr., hvis langtidsbehandling er nødvendig. Langtidsbehandling med nitrofurantoin kan give lungefibrose. HVORDAN: Kan seponeres uden aftrapning.
J01EA01;Overvej seponering af antibiotika ved forebyggelse af urinvejsinfektioner. HVORFOR: Frarådes generelt pga. risiko for resistensudvikling. Seponer inden for 6 mdr., hvis langtidsbehandling er nødvendig. Langtidsbehandling med nitrofurantoin kan give lungefibrose. HVORDAN: Kan seponeres uden aftrapning.
M01AH;Seponér NSAID ved kroniske smerter uden inflammatorisk komponent. HVORFOR: Generelt anbefales brug af lavest mulig dosis med kortest mulige varighed. HVORDAN: Kan seponeres uden aftrapning.
M01AG;Seponér NSAID ved kroniske smerter uden inflammatorisk komponent. HVORFOR: Generelt anbefales brug af lavest mulig dosis med kortest mulige varighed. HVORDAN: Kan seponeres uden aftrapning.
M01AE;Seponér NSAID ved kroniske smerter uden inflammatorisk komponent. HVORFOR: Generelt anbefales brug af lavest mulig dosis med kortest mulige varighed. HVORDAN: Kan seponeres uden aftrapning.
M01AC;Seponér NSAID ved kroniske smerter uden inflammatorisk komponent. HVORFOR: Generelt anbefales brug af lavest mulig dosis med kortest mulige varighed. HVORDAN: Kan seponeres uden aftrapning.
M01AB;Seponér NSAID ved kroniske smerter uden inflammatorisk komponent. HVORFOR: Generelt anbefales brug af lavest mulig dosis med kortest mulige varighed. HVORDAN: Kan seponeres uden aftrapning.
M01AX01;Seponér NSAID ved kroniske smerter uden inflammatorisk komponent. HVORFOR: Generelt anbefales brug af lavest mulig dosis med kortest mulige varighed. HVORDAN: Kan seponeres uden aftrapning.
N02BA01;Seponér NSAID ved kroniske smerter uden inflammatorisk komponent. HVORFOR: Generelt anbefales brug af lavest mulig dosis med kortest mulige varighed. HVORDAN: Kan seponeres uden aftrapning.
N02BA51;Seponér NSAID ved kroniske smerter uden inflammatorisk komponent. HVORFOR: Generelt anbefales brug af lavest mulig dosis med kortest mulige varighed. HVORDAN: Kan seponeres uden aftrapning.
N02AJ07;Seponér NSAID ved kroniske smerter uden inflammatorisk komponent. HVORFOR: Generelt anbefales brug af lavest mulig dosis med kortest mulige varighed. HVORDAN: Kan seponeres uden aftrapning.
N02BE51;Seponér NSAID ved kroniske smerter uden inflammatorisk komponent. HVORFOR: Generelt anbefales brug af lavest mulig dosis med kortest mulige varighed. HVORDAN: Kan seponeres uden aftrapning.
M01AC;Seponér NSAID ved svært nedsat nyre- eller leverfunktion. HVORFOR: Generelt anbefales brug af lavest mulig dosis med kortest mulige varighed. HVORDAN: Kan seponeres uden aftrapning.
M01AB;Seponér NSAID ved svært nedsat nyre- eller leverfunktion. HVORFOR: Generelt anbefales brug af lavest mulig dosis med kortest mulige varighed. HVORDAN: Kan seponeres uden aftrapning.
M01AX01;Seponér NSAID ved svært nedsat nyre- eller leverfunktion. HVORFOR: Generelt anbefales brug af lavest mulig dosis med kortest mulige varighed. HVORDAN: Kan seponeres uden aftrapning.
M01AH;Seponér NSAID ved svært nedsat nyre- eller leverfunktion. HVORFOR: Generelt anbefales brug af lavest mulig dosis med kortest mulige varighed. HVORDAN: Kan seponeres uden aftrapning.
M01AG;Seponér NSAID ved svært nedsat nyre- eller leverfunktion. HVORFOR: Generelt anbefales brug af lavest mulig dosis med kortest mulige varighed. HVORDAN: Kan seponeres uden aftrapning.
M01AE;Seponér NSAID ved svært nedsat nyre- eller leverfunktion. HVORFOR: Generelt anbefales brug af lavest mulig dosis med kortest mulige varighed. HVORDAN: Kan seponeres uden aftrapning.
N02BA01;Seponér NSAID ved svært nedsat nyre- eller leverfunktion. HVORFOR: Generelt anbefales brug af lavest mulig dosis med kortest mulige varighed. HVORDAN: Kan seponeres uden aftrapning.
N02BA51;Seponér NSAID ved svært nedsat nyre- eller leverfunktion. HVORFOR: Generelt anbefales brug af lavest mulig dosis med kortest mulige varighed. HVORDAN: Kan seponeres uden aftrapning.
N02AJ07;Seponér NSAID ved svært nedsat nyre- eller leverfunktion. HVORFOR: Generelt anbefales brug af lavest mulig dosis med kortest mulige varighed. HVORDAN: Kan seponeres uden aftrapning.
N02BE51;Seponér NSAID ved svært nedsat nyre- eller leverfunktion. HVORFOR: Generelt anbefales brug af lavest mulig dosis med kortest mulige varighed. HVORDAN: Kan seponeres uden aftrapning.
M01AX01;Seponér NSAID ved svær hjerteinsufficiens og/eller svær iskæmisk hjertesygdom. HVORFOR: Generelt anbefales brug af lavest mulig dosis med kortest mulige varighed. HVORDAN: Kan seponeres uden aftrapning.
M01AH;Seponér NSAID ved svær hjerteinsufficiens og/eller svær iskæmisk hjertesygdom. HVORFOR: Generelt anbefales brug af lavest mulig dosis med kortest mulige varighed. HVORDAN: Kan seponeres uden aftrapning.
M01AG;Seponér NSAID ved svær hjerteinsufficiens og/eller svær iskæmisk hjertesygdom. HVORFOR: Generelt anbefales brug af lavest mulig dosis med kortest mulige varighed. HVORDAN: Kan seponeres uden aftrapning.
M01AE;Seponér NSAID ved svær hjerteinsufficiens og/eller svær iskæmisk hjertesygdom. HVORFOR: Generelt anbefales brug af lavest mulig dosis med kortest mulige varighed. HVORDAN: Kan seponeres uden aftrapning.
M01AC;Seponér NSAID ved svær hjerteinsufficiens og/eller svær iskæmisk hjertesygdom. HVORFOR: Generelt anbefales brug af lavest mulig dosis med kortest mulige varighed. HVORDAN: Kan seponeres uden aftrapning.
M01AB;Seponér NSAID ved svær hjerteinsufficiens og/eller svær iskæmisk hjertesygdom. HVORFOR: Generelt anbefales brug af lavest mulig dosis med kortest mulige varighed. HVORDAN: Kan seponeres uden aftrapning.
N02BA01;Seponér NSAID ved svær hjerteinsufficiens og/eller svær iskæmisk hjertesygdom. HVORFOR: Generelt anbefales brug af lavest mulig dosis med kortest mulige varighed. HVORDAN: Kan seponeres uden aftrapning.
N02BA51;Seponér NSAID ved svær hjerteinsufficiens og/eller svær iskæmisk hjertesygdom. HVORFOR: Generelt anbefales brug af lavest mulig dosis med kortest mulige varighed. HVORDAN: Kan seponeres uden aftrapning.
N02AJ07;Seponér NSAID ved svær hjerteinsufficiens og/eller svær iskæmisk hjertesygdom. HVORFOR: Generelt anbefales brug af lavest mulig dosis med kortest mulige varighed. HVORDAN: Kan seponeres uden aftrapning.
N02BE51;Seponér NSAID ved svær hjerteinsufficiens og/eller svær iskæmisk hjertesygdom. HVORFOR: Generelt anbefales brug af lavest mulig dosis med kortest mulige varighed. HVORDAN: Kan seponeres uden aftrapning.
M01AX01;Seponér NSAID ved blødningstendens (fx ved AK-behandling). HVORFOR: Generelt anbefales brug af lavest mulig dosis med kortest mulige varighed. HVORDAN: Kan seponeres uden aftrapning.
M01AH;Seponér NSAID ved blødningstendens (fx ved AK-behandling). HVORFOR: Generelt anbefales brug af lavest mulig dosis med kortest mulige varighed. HVORDAN: Kan seponeres uden aftrapning.
M01AG;Seponér NSAID ved blødningstendens (fx ved AK-behandling). HVORFOR: Generelt anbefales brug af lavest mulig dosis med kortest mulige varighed. HVORDAN: Kan seponeres uden aftrapning.
M01AE;Seponér NSAID ved blødningstendens (fx ved AK-behandling). HVORFOR: Generelt anbefales brug af lavest mulig dosis med kortest mulige varighed. HVORDAN: Kan seponeres uden aftrapning.
M01AC;Seponér NSAID ved blødningstendens (fx ved AK-behandling). HVORFOR: Generelt anbefales brug af lavest mulig dosis med kortest mulige varighed. HVORDAN: Kan seponeres uden aftrapning.
M01AB;Seponér NSAID ved blødningstendens (fx ved AK-behandling). HVORFOR: Generelt anbefales brug af lavest mulig dosis med kortest mulige varighed. HVORDAN: Kan seponeres uden aftrapning.
N02BA01;Seponér NSAID ved blødningstendens (fx ved AK-behandling). HVORFOR: Generelt anbefales brug af lavest mulig dosis med kortest mulige varighed. HVORDAN: Kan seponeres uden aftrapning.
N02BA51;Seponér NSAID ved blødningstendens (fx ved AK-behandling). HVORFOR: Generelt anbefales brug af lavest mulig dosis med kortest mulige varighed. HVORDAN: Kan seponeres uden aftrapning.
N02AJ07;Seponér NSAID ved blødningstendens (fx ved AK-behandling). HVORFOR: Generelt anbefales brug af lavest mulig dosis med kortest mulige varighed. HVORDAN: Kan seponeres uden aftrapning.
N02BE51;Seponér NSAID ved blødningstendens (fx ved AK-behandling). HVORFOR: Generelt anbefales brug af lavest mulig dosis med kortest mulige varighed. HVORDAN: Kan seponeres uden aftrapning.
M01AE;Overvej seponering af NSAID ved hjertekarsygdom eller høj risiko herfor. HVORFOR: Generelt anbefales brug af lavest mulig dosis med kortest mulige varighed. HVORDAN: Kan seponeres uden aftrapning.
M01AC;Overvej seponering af NSAID ved hjertekarsygdom eller høj risiko herfor. HVORFOR: Generelt anbefales brug af lavest mulig dosis med kortest mulige varighed. HVORDAN: Kan seponeres uden aftrapning.
M01AB;Overvej seponering af NSAID ved hjertekarsygdom eller høj risiko herfor. HVORFOR: Generelt anbefales brug af lavest mulig dosis med kortest mulige varighed. HVORDAN: Kan seponeres uden aftrapning.
M01AX01;Overvej seponering af NSAID ved hjertekarsygdom eller høj risiko herfor. HVORFOR: Generelt anbefales brug af lavest mulig dosis med kortest mulige varighed. HVORDAN: Kan seponeres uden aftrapning.
M01AH;Overvej seponering af NSAID ved hjertekarsygdom eller høj risiko herfor. HVORFOR: Generelt anbefales brug af lavest mulig dosis med kortest mulige varighed. HVORDAN: Kan seponeres uden aftrapning.
M01AG;Overvej seponering af NSAID ved hjertekarsygdom eller høj risiko herfor. HVORFOR: Generelt anbefales brug af lavest mulig dosis med kortest mulige varighed. HVORDAN: Kan seponeres uden aftrapning.
N02BA01;Overvej seponering af NSAID ved hjertekarsygdom eller høj risiko herfor. HVORFOR: Generelt anbefales brug af lavest mulig dosis med kortest mulige varighed. HVORDAN: Kan seponeres uden aftrapning.
N02BA51;Overvej seponering af NSAID ved hjertekarsygdom eller høj risiko herfor. HVORFOR: Generelt anbefales brug af lavest mulig dosis med kortest mulige varighed. HVORDAN: Kan seponeres uden aftrapning.
N02AJ07;Overvej seponering af NSAID ved hjertekarsygdom eller høj risiko herfor. HVORFOR: Generelt anbefales brug af lavest mulig dosis med kortest mulige varighed. HVORDAN: Kan seponeres uden aftrapning.
N02BE51;Overvej seponering af NSAID ved hjertekarsygdom eller høj risiko herfor. HVORFOR: Generelt anbefales brug af lavest mulig dosis med kortest mulige varighed. HVORDAN: Kan seponeres uden aftrapning.
M01AE;Overvej seponering af NSAID ved høj risiko for ulcuskomplikation. HVORFOR: Generelt anbefales brug af lavest mulig dosis med kortest mulige varighed. HVORDAN: Kan seponeres uden aftrapning.
M01AC;Overvej seponering af NSAID ved høj risiko for ulcuskomplikation. HVORFOR: Generelt anbefales brug af lavest mulig dosis med kortest mulige varighed. HVORDAN: Kan seponeres uden aftrapning.
M01AB;Overvej seponering af NSAID ved høj risiko for ulcuskomplikation. HVORFOR: Generelt anbefales brug af lavest mulig dosis med kortest mulige varighed. HVORDAN: Kan seponeres uden aftrapning.
M01AX01;Overvej seponering af NSAID ved høj risiko for ulcuskomplikation. HVORFOR: Generelt anbefales brug af lavest mulig dosis med kortest mulige varighed. HVORDAN: Kan seponeres uden aftrapning.
M01AH;Overvej seponering af NSAID ved høj risiko for ulcuskomplikation. HVORFOR: Generelt anbefales brug af lavest mulig dosis med kortest mulige varighed. HVORDAN: Kan seponeres uden aftrapning.
M01AG;Overvej seponering af NSAID ved høj risiko for ulcuskomplikation. HVORFOR: Generelt anbefales brug af lavest mulig dosis med kortest mulige varighed. HVORDAN: Kan seponeres uden aftrapning.
N02BA01;Overvej seponering af NSAID ved høj risiko for ulcuskomplikation. HVORFOR: Generelt anbefales brug af lavest mulig dosis med kortest mulige varighed. HVORDAN: Kan seponeres uden aftrapning.
N02BA51;Overvej seponering af NSAID ved høj risiko for ulcuskomplikation. HVORFOR: Generelt anbefales brug af lavest mulig dosis med kortest mulige varighed. HVORDAN: Kan seponeres uden aftrapning.
N02AJ07;Overvej seponering af NSAID ved høj risiko for ulcuskomplikation. HVORFOR: Generelt anbefales brug af lavest mulig dosis med kortest mulige varighed. HVORDAN: Kan seponeres uden aftrapning.
N02BE51;Overvej seponering af NSAID ved høj risiko for ulcuskomplikation. HVORFOR: Generelt anbefales brug af lavest mulig dosis med kortest mulige varighed. HVORDAN: Kan seponeres uden aftrapning.
M01AE;Overvej seponering af NSAID ved samtidig behandling med andre lægemidler, som øger blødningsrisikoen (fx trombocythæmmere, systemisk glukokortikoid eller SSRI). HVORFOR: Generelt anbefales brug af lavest mulig dosis med kortest mulige varighed. HVORDAN: Kan seponeres uden aftrapning.
M01AC;Overvej seponering af NSAID ved samtidig behandling med andre lægemidler, som øger blødningsrisikoen (fx trombocythæmmere, systemisk glukokortikoid eller SSRI). HVORFOR: Generelt anbefales brug af lavest mulig dosis med kortest mulige varighed. HVORDAN: Kan seponeres uden aftrapning.
M01AB;Overvej seponering af NSAID ved samtidig behandling med andre lægemidler, som øger blødningsrisikoen (fx trombocythæmmere, systemisk glukokortikoid eller SSRI). HVORFOR: Generelt anbefales brug af lavest mulig dosis med kortest mulige varighed. HVORDAN: Kan seponeres uden aftrapning.
M01AX01;Overvej seponering af NSAID ved samtidig behandling med andre lægemidler, som øger blødningsrisikoen (fx trombocythæmmere, systemisk glukokortikoid eller SSRI). HVORFOR: Generelt anbefales brug af lavest mulig dosis med kortest mulige varighed. HVORDAN: Kan seponeres uden aftrapning.
M01AH;Overvej seponering af NSAID ved samtidig behandling med andre lægemidler, som øger blødningsrisikoen (fx trombocythæmmere, systemisk glukokortikoid eller SSRI). HVORFOR: Generelt anbefales brug af lavest mulig dosis med kortest mulige varighed. HVORDAN: Kan seponeres uden aftrapning.
M01AG;Overvej seponering af NSAID ved samtidig behandling med andre lægemidler, som øger blødningsrisikoen (fx trombocythæmmere, systemisk glukokortikoid eller SSRI). HVORFOR: Generelt anbefales brug af lavest mulig dosis med kortest mulige varighed. HVORDAN: Kan seponeres uden aftrapning.
N02BA01;Overvej seponering af NSAID ved samtidig behandling med andre lægemidler, som øger blødningsrisikoen (fx trombocythæmmere, systemisk glukokortikoid eller SSRI). HVORFOR: Generelt anbefales brug af lavest mulig dosis med kortest mulige varighed. HVORDAN: Kan seponeres uden aftrapning.
N02BA51;Overvej seponering af NSAID ved samtidig behandling med andre lægemidler, som øger blødningsrisikoen (fx trombocythæmmere, systemisk glukokortikoid eller SSRI). HVORFOR: Generelt anbefales brug af lavest mulig dosis med kortest mulige varighed. HVORDAN: Kan seponeres uden aftrapning.
N02AJ07;Overvej seponering af NSAID ved samtidig behandling med andre lægemidler, som øger blødningsrisikoen (fx trombocythæmmere, systemisk glukokortikoid eller SSRI). HVORFOR: Generelt anbefales brug af lavest mulig dosis med kortest mulige varighed. HVORDAN: Kan seponeres uden aftrapning.
N02BE51;Overvej seponering af NSAID ved samtidig behandling med andre lægemidler, som øger blødningsrisikoen (fx trombocythæmmere, systemisk glukokortikoid eller SSRI). HVORFOR: Generelt anbefales brug af lavest mulig dosis med kortest mulige varighed. HVORDAN: Kan seponeres uden aftrapning.
M01AG;Overvej seponering af NSAID ved samtidig behandling med diuretika og ACE-hæmmere/AT-II-antagonister pga. risiko for nyresvigt (triple whammy). HVORFOR: Generelt anbefales brug af lavest mulig dosis med kortest mulige varighed. HVORDAN: Kan seponeres uden aftrapning.
M01AE;Overvej seponering af NSAID ved samtidig behandling med diuretika og ACE-hæmmere/AT-II-antagonister pga. risiko for nyresvigt (triple whammy). HVORFOR: Generelt anbefales brug af lavest mulig dosis med kortest mulige varighed. HVORDAN: Kan seponeres uden aftrapning.
M01AC;Overvej seponering af NSAID ved samtidig behandling med diuretika og ACE-hæmmere/AT-II-antagonister pga. risiko for nyresvigt (triple whammy). HVORFOR: Generelt anbefales brug af lavest mulig dosis med kortest mulige varighed. HVORDAN: Kan seponeres uden aftrapning.
M01AB;Overvej seponering af NSAID ved samtidig behandling med diuretika og ACE-hæmmere/AT-II-antagonister pga. risiko for nyresvigt (triple whammy). HVORFOR: Generelt anbefales brug af lavest mulig dosis med kortest mulige varighed. HVORDAN: Kan seponeres uden aftrapning.
M01AX01;Overvej seponering af NSAID ved samtidig behandling med diuretika og ACE-hæmmere/AT-II-antagonister pga. risiko for nyresvigt (triple whammy). HVORFOR: Generelt anbefales brug af lavest mulig dosis med kortest mulige varighed. HVORDAN: Kan seponeres uden aftrapning.
M01AH;Overvej seponering af NSAID ved samtidig behandling med diuretika og ACE-hæmmere/AT-II-antagonister pga. risiko for nyresvigt (triple whammy). HVORFOR: Generelt anbefales brug af lavest mulig dosis med kortest mulige varighed. HVORDAN: Kan seponeres uden aftrapning.
N02BA01;Overvej seponering af NSAID ved samtidig behandling med diuretika og ACE-hæmmere/AT-II-antagonister pga. risiko for nyresvigt (triple whammy). HVORFOR: Generelt anbefales brug af lavest mulig dosis med kortest mulige varighed. HVORDAN: Kan seponeres uden aftrapning.
N02BA51;Overvej seponering af NSAID ved samtidig behandling med diuretika og ACE-hæmmere/AT-II-antagonister pga. risiko for nyresvigt (triple whammy). HVORFOR: Generelt anbefales brug af lavest mulig dosis med kortest mulige varighed. HVORDAN: Kan seponeres uden aftrapning.
N02AJ07;Overvej seponering af NSAID ved samtidig behandling med diuretika og ACE-hæmmere/AT-II-antagonister pga. risiko for nyresvigt (triple whammy). HVORFOR: Generelt anbefales brug af lavest mulig dosis med kortest mulige varighed. HVORDAN: Kan seponeres uden aftrapning.
N02BE51;Overvej seponering af NSAID ved samtidig behandling med diuretika og ACE-hæmmere/AT-II-antagonister pga. risiko for nyresvigt (triple whammy). HVORFOR: Generelt anbefales brug af lavest mulig dosis med kortest mulige varighed. HVORDAN: Kan seponeres uden aftrapning.
M01AG;Overvej seponering af NSAID ved ældre eller skrøbelige patienter. HVORFOR: Generelt anbefales brug af lavest mulig dosis med kortest mulige varighed. HVORDAN: Kan seponeres uden aftrapning.
M01AE;Overvej seponering af NSAID ved ældre eller skrøbelige patienter. HVORFOR: Generelt anbefales brug af lavest mulig dosis med kortest mulige varighed. HVORDAN: Kan seponeres uden aftrapning.
M01AC;Overvej seponering af NSAID ved ældre eller skrøbelige patienter. HVORFOR: Generelt anbefales brug af lavest mulig dosis med kortest mulige varighed. HVORDAN: Kan seponeres uden aftrapning.
M01AB;Overvej seponering af NSAID ved ældre eller skrøbelige patienter. HVORFOR: Generelt anbefales brug af lavest mulig dosis med kortest mulige varighed. HVORDAN: Kan seponeres uden aftrapning.
M01AX01;Overvej seponering af NSAID ved ældre eller skrøbelige patienter. HVORFOR: Generelt anbefales brug af lavest mulig dosis med kortest mulige varighed. HVORDAN: Kan seponeres uden aftrapning.
M01AH;Overvej seponering af NSAID ved ældre eller skrøbelige patienter. HVORFOR: Generelt anbefales brug af lavest mulig dosis med kortest mulige varighed. HVORDAN: Kan seponeres uden aftrapning.
N02BA01;Overvej seponering af NSAID ved ældre eller skrøbelige patienter. HVORFOR: Generelt anbefales brug af lavest mulig dosis med kortest mulige varighed. HVORDAN: Kan seponeres uden aftrapning.
N02BA51;Overvej seponering af NSAID ved ældre eller skrøbelige patienter. HVORFOR: Generelt anbefales brug af lavest mulig dosis med kortest mulige varighed. HVORDAN: Kan seponeres uden aftrapning.
N02AJ07;Overvej seponering af NSAID ved ældre eller skrøbelige patienter. HVORFOR: Generelt anbefales brug af lavest mulig dosis med kortest mulige varighed. HVORDAN: Kan seponeres uden aftrapning.
N02BE51;Overvej seponering af NSAID ved ældre eller skrøbelige patienter. HVORFOR: Generelt anbefales brug af lavest mulig dosis med kortest mulige varighed. HVORDAN: Kan seponeres uden aftrapning.
M03BX;Seponér muskelafslappende lægemidler ved akut, uspecifikt lændehold. HVORFOR: Midlerne har ringe effekt og mange CNS-relaterede bivirkninger (fx svimmelhed og træthed). HVORDAN: Chlorzoxazon kan seponeres uden aftrapning. Baklofen og tizanidin bør aftrappes over 1-2 uger.
M03BB;Seponér muskelafslappende lægemidler ved akut, uspecifikt lændehold. HVORFOR: Midlerne har ringe effekt og mange CNS-relaterede bivirkninger (fx svimmelhed og træthed). HVORDAN: Chlorzoxazon kan seponeres uden aftrapning. Baklofen og tizanidin bør aftrappes over 1-2 uger.
M03BX;Overvej seponering af muskelafslappende lægemidler ved øvrige tilstande. HVORFOR: Midlerne har ringe effekt og mange CNS-relaterede bivirkninger (fx svimmelhed og træthed). HVORDAN: Chlorzoxazon kan seponeres uden aftrapning. Baklofen og tizanidin bør aftrappes over 1-2 uger.
M03BB;Overvej seponering af muskelafslappende lægemidler ved øvrige tilstande. HVORFOR: Midlerne har ringe effekt og mange CNS-relaterede bivirkninger (fx svimmelhed og træthed). HVORDAN: Chlorzoxazon kan seponeres uden aftrapning. Baklofen og tizanidin bør aftrappes over 1-2 uger.
M05BA;Seponér bifosfonater (orale) 6-12 måneder efter ophør af systemisk glukokortikoidbehandling, hvis T-score er > -2,5, og patienten ikke har haft lavenergifraktur. HVORDAN: Kan seponeres uden aftrapning. Overvej at kontrollere BMD (knoglevævets mineraltæthed) 2 år efter behandlingsophør.
M05BB;Seponér bifosfonater (orale) 6-12 måneder efter ophør af systemisk glukokortikoidbehandling, hvis T-score er > -2,5, og patienten ikke har haft lavenergifraktur. HVORDAN: Kan seponeres uden aftrapning. Overvej at kontrollere BMD (knoglevævets mineraltæthed) 2 år efter behandlingsophør.
M05BA;Overvej seponering af bifosfonater (orale) efter minimum 5 år ved knogleskørhed, hvis patienten aldrig har haft lavenergifraktur i columna eller hofte, og T-score (i hoften) efter behandlingen er > -2,5, og der ikke har været øvrige lavenergifrakturer i perioden. HVORDAN: Kan seponeres uden aftrapning. Overvej at kontrollere BMD (knoglevævets mineraltæthed) 2 år efter behandlingsophør.
M05BB;Overvej seponering af bifosfonater (orale) efter minimum 5 år ved knogleskørhed, hvis patienten aldrig har haft lavenergifraktur i columna eller hofte, og T-score (i hoften) efter behandlingen er > -2,5, og der ikke har været øvrige lavenergifrakturer i perioden. HVORDAN: Kan seponeres uden aftrapning. Overvej at kontrollere BMD (knoglevævets mineraltæthed) 2 år efter behandlingsophør.
M05BA;Overvej seponering af bifosfonater (orale) ved kort forventet restlevetid og/eller svær skrøbelighed. HVORDAN: Kan seponeres uden aftrapning. Overvej at kontrollere BMD (knoglevævets mineraltæthed) 2 år efter behandlingsophør.
M05BB;Overvej seponering af bifosfonater (orale) ved kort forventet restlevetid og/eller svær skrøbelighed. HVORDAN: Kan seponeres uden aftrapning. Overvej at kontrollere BMD (knoglevævets mineraltæthed) 2 år efter behandlingsophør.
N02AA;Seponer fast dosering af hurtigtvirkende opioider (inkl. kodein og tramadol). Anvend i stedet depotmorfin (bedre døgndækning, mindre euforiserende effekt). Ca. 10 % af befolkningen kan ikke omdanne kodein til morfin (25 mg kodein â‰ˆ 2,5 mg morfin) eller tramadol til den aktive metabolit (50 mg tramadol â‰ˆ 10 mg morfin). HVORDAN: Seponér ved aftrapning efter en individuel plan. Efter kortvarig behandling (mindre end 6 uger): Reducér døgndosis med 10-20 % hver 3.-5. dag. Efter langvarig behandling: Reducér døgndosis med 5-20 % med ca. 2 ugers mellemrum. Giv ikke oralt opioid inden for ca. 18 timer efter fjernelse af fentanyl-plastre og ca. 24 timer efter buprenorphin-plastre. Klip ikke depotplastre over. Begræns dosis til max 100 mg morfinækvivalenter per døgn. Juster laksantia ved seponering eller reduktion af dosis.
N07BC02;Seponer fast dosering af hurtigtvirkende opioider (inkl. kodein og tramadol). Anvend i stedet depotmorfin (bedre døgndækning, mindre euforiserende effekt). Ca. 10 % af befolkningen kan ikke omdanne kodein til morfin (25 mg kodein â‰ˆ 2,5 mg morfin) eller tramadol til den aktive metabolit (50 mg tramadol â‰ˆ 10 mg morfin). HVORDAN: Seponér ved aftrapning efter en individuel plan. Efter kortvarig behandling (mindre end 6 uger): Reducér døgndosis med 10-20 % hver 3.-5. dag. Efter langvarig behandling: Reducér døgndosis med 5-20 % med ca. 2 ugers mellemrum. Giv ikke oralt opioid inden for ca. 18 timer efter fjernelse af fentanyl-plastre og ca. 24 timer efter buprenorphin-plastre. Klip ikke depotplastre over. Begræns dosis til max 100 mg morfinækvivalenter per døgn. Juster laksantia ved seponering eller reduktion af dosis.
R05DA04;Seponer fast dosering af hurtigtvirkende opioider (inkl. kodein og tramadol). Anvend i stedet depotmorfin (bedre døgndækning, mindre euforiserende effekt). Ca. 10 % af befolkningen kan ikke omdanne kodein til morfin (25 mg kodein â‰ˆ 2,5 mg morfin) eller tramadol til den aktive metabolit (50 mg tramadol â‰ˆ 10 mg morfin). HVORDAN: Seponér ved aftrapning efter en individuel plan. Efter kortvarig behandling (mindre end 6 uger): Reducér døgndosis med 10-20 % hver 3.-5. dag. Efter langvarig behandling: Reducér døgndosis med 5-20 % med ca. 2 ugers mellemrum. Giv ikke oralt opioid inden for ca. 18 timer efter fjernelse af fentanyl-plastre og ca. 24 timer efter buprenorphin-plastre. Klip ikke depotplastre over. Begræns dosis til max 100 mg morfinækvivalenter per døgn. Juster laksantia ved seponering eller reduktion af dosis.
N02AX;Seponer fast dosering af hurtigtvirkende opioider (inkl. kodein og tramadol). Anvend i stedet depotmorfin (bedre døgndækning, mindre euforiserende effekt). Ca. 10 % af befolkningen kan ikke omdanne kodein til morfin (25 mg kodein â‰ˆ 2,5 mg morfin) eller tramadol til den aktive metabolit (50 mg tramadol â‰ˆ 10 mg morfin). HVORDAN: Seponér ved aftrapning efter en individuel plan. Efter kortvarig behandling (mindre end 6 uger): Reducér døgndosis med 10-20 % hver 3.-5. dag. Efter langvarig behandling: Reducér døgndosis med 5-20 % med ca. 2 ugers mellemrum. Giv ikke oralt opioid inden for ca. 18 timer efter fjernelse af fentanyl-plastre og ca. 24 timer efter buprenorphin-plastre. Klip ikke depotplastre over. Begræns dosis til max 100 mg morfinækvivalenter per døgn. Juster laksantia ved seponering eller reduktion af dosis.
N02AJ;Seponer fast dosering af hurtigtvirkende opioider (inkl. kodein og tramadol). Anvend i stedet depotmorfin (bedre døgndækning, mindre euforiserende effekt). Ca. 10 % af befolkningen kan ikke omdanne kodein til morfin (25 mg kodein â‰ˆ 2,5 mg morfin) eller tramadol til den aktive metabolit (50 mg tramadol â‰ˆ 10 mg morfin). HVORDAN: Seponér ved aftrapning efter en individuel plan. Efter kortvarig behandling (mindre end 6 uger): Reducér døgndosis med 10-20 % hver 3.-5. dag. Efter langvarig behandling: Reducér døgndosis med 5-20 % med ca. 2 ugers mellemrum. Giv ikke oralt opioid inden for ca. 18 timer efter fjernelse af fentanyl-plastre og ca. 24 timer efter buprenorphin-plastre. Klip ikke depotplastre over. Begræns dosis til max 100 mg morfinækvivalenter per døgn. Juster laksantia ved seponering eller reduktion af dosis.
N02AG;Seponer fast dosering af hurtigtvirkende opioider (inkl. kodein og tramadol). Anvend i stedet depotmorfin (bedre døgndækning, mindre euforiserende effekt). Ca. 10 % af befolkningen kan ikke omdanne kodein til morfin (25 mg kodein â‰ˆ 2,5 mg morfin) eller tramadol til den aktive metabolit (50 mg tramadol â‰ˆ 10 mg morfin). HVORDAN: Seponér ved aftrapning efter en individuel plan. Efter kortvarig behandling (mindre end 6 uger): Reducér døgndosis med 10-20 % hver 3.-5. dag. Efter langvarig behandling: Reducér døgndosis med 5-20 % med ca. 2 ugers mellemrum. Giv ikke oralt opioid inden for ca. 18 timer efter fjernelse af fentanyl-plastre og ca. 24 timer efter buprenorphin-plastre. Klip ikke depotplastre over. Begræns dosis til max 100 mg morfinækvivalenter per døgn. Juster laksantia ved seponering eller reduktion af dosis.
N02AE01;Seponer fast dosering af hurtigtvirkende opioider (inkl. kodein og tramadol). Anvend i stedet depotmorfin (bedre døgndækning, mindre euforiserende effekt). Ca. 10 % af befolkningen kan ikke omdanne kodein til morfin (25 mg kodein â‰ˆ 2,5 mg morfin) eller tramadol til den aktive metabolit (50 mg tramadol â‰ˆ 10 mg morfin). HVORDAN: Seponér ved aftrapning efter en individuel plan. Efter kortvarig behandling (mindre end 6 uger): Reducér døgndosis med 10-20 % hver 3.-5. dag. Efter langvarig behandling: Reducér døgndosis med 5-20 % med ca. 2 ugers mellemrum. Giv ikke oralt opioid inden for ca. 18 timer efter fjernelse af fentanyl-plastre og ca. 24 timer efter buprenorphin-plastre. Klip ikke depotplastre over. Begræns dosis til max 100 mg morfinækvivalenter per døgn. Juster laksantia ved seponering eller reduktion af dosis.
N02AB;Seponer fast dosering af hurtigtvirkende opioider (inkl. kodein og tramadol). Anvend i stedet depotmorfin (bedre døgndækning, mindre euforiserende effekt). Ca. 10 % af befolkningen kan ikke omdanne kodein til morfin (25 mg kodein â‰ˆ 2,5 mg morfin) eller tramadol til den aktive metabolit (50 mg tramadol â‰ˆ 10 mg morfin). HVORDAN: Seponér ved aftrapning efter en individuel plan. Efter kortvarig behandling (mindre end 6 uger): Reducér døgndosis med 10-20 % hver 3.-5. dag. Efter langvarig behandling: Reducér døgndosis med 5-20 % med ca. 2 ugers mellemrum. Giv ikke oralt opioid inden for ca. 18 timer efter fjernelse af fentanyl-plastre og ca. 24 timer efter buprenorphin-plastre. Klip ikke depotplastre over. Begræns dosis til max 100 mg morfinækvivalenter per døgn. Juster laksantia ved seponering eller reduktion af dosis.
N02AJ;Seponér smerteplastre hvis patienten kan tage tabletter (Plastre harstørre variation i biotilgængelighed og flere utilsigtede hændelser). Ca. 10 % af befolkningen kan ikke omdanne kodein til morfin (25 mg kodein â‰ˆ 2,5 mg morfin) eller tramadol til den aktive metabolit (50 mg tramadol â‰ˆ 10 mg morfin). HVORDAN: Seponér ved aftrapning efter en individuel plan. Efter kortvarig behandling (mindre end 6 uger): Reducér døgndosis med 10-20 % hver 3.-5. dag. Efter langvarig behandling: Reducér døgndosis med 5-20 % med ca. 2 ugers mellemrum. Giv ikke oralt opioid inden for ca. 18 timer efter fjernelse af fentanyl-plastre og ca. 24 timer efter buprenorphin-plastre. Klip ikke depotplastre over. Begræns dosis til max 100 mg morfinækvivalenter per døgn. Juster laksantia ved seponering eller reduktion af dosis.
N02AG;Seponér smerteplastre hvis patienten kan tage tabletter (Plastre harstørre variation i biotilgængelighed og flere utilsigtede hændelser). Ca. 10 % af befolkningen kan ikke omdanne kodein til morfin (25 mg kodein â‰ˆ 2,5 mg morfin) eller tramadol til den aktive metabolit (50 mg tramadol â‰ˆ 10 mg morfin). HVORDAN: Seponér ved aftrapning efter en individuel plan. Efter kortvarig behandling (mindre end 6 uger): Reducér døgndosis med 10-20 % hver 3.-5. dag. Efter langvarig behandling: Reducér døgndosis med 5-20 % med ca. 2 ugers mellemrum. Giv ikke oralt opioid inden for ca. 18 timer efter fjernelse af fentanyl-plastre og ca. 24 timer efter buprenorphin-plastre. Klip ikke depotplastre over. Begræns dosis til max 100 mg morfinækvivalenter per døgn. Juster laksantia ved seponering eller reduktion af dosis.
N02AE01;Seponér smerteplastre hvis patienten kan tage tabletter (Plastre harstørre variation i biotilgængelighed og flere utilsigtede hændelser). Ca. 10 % af befolkningen kan ikke omdanne kodein til morfin (25 mg kodein â‰ˆ 2,5 mg morfin) eller tramadol til den aktive metabolit (50 mg tramadol â‰ˆ 10 mg morfin). HVORDAN: Seponér ved aftrapning efter en individuel plan. Efter kortvarig behandling (mindre end 6 uger): Reducér døgndosis med 10-20 % hver 3.-5. dag. Efter langvarig behandling: Reducér døgndosis med 5-20 % med ca. 2 ugers mellemrum. Giv ikke oralt opioid inden for ca. 18 timer efter fjernelse af fentanyl-plastre og ca. 24 timer efter buprenorphin-plastre. Klip ikke depotplastre over. Begræns dosis til max 100 mg morfinækvivalenter per døgn. Juster laksantia ved seponering eller reduktion af dosis.
N02AB;Seponér smerteplastre hvis patienten kan tage tabletter (Plastre harstørre variation i biotilgængelighed og flere utilsigtede hændelser). Ca. 10 % af befolkningen kan ikke omdanne kodein til morfin (25 mg kodein â‰ˆ 2,5 mg morfin) eller tramadol til den aktive metabolit (50 mg tramadol â‰ˆ 10 mg morfin). HVORDAN: Seponér ved aftrapning efter en individuel plan. Efter kortvarig behandling (mindre end 6 uger): Reducér døgndosis med 10-20 % hver 3.-5. dag. Efter langvarig behandling: Reducér døgndosis med 5-20 % med ca. 2 ugers mellemrum. Giv ikke oralt opioid inden for ca. 18 timer efter fjernelse af fentanyl-plastre og ca. 24 timer efter buprenorphin-plastre. Klip ikke depotplastre over. Begræns dosis til max 100 mg morfinækvivalenter per døgn. Juster laksantia ved seponering eller reduktion af dosis.
N02AA;Seponér smerteplastre hvis patienten kan tage tabletter (Plastre harstørre variation i biotilgængelighed og flere utilsigtede hændelser). Ca. 10 % af befolkningen kan ikke omdanne kodein til morfin (25 mg kodein â‰ˆ 2,5 mg morfin) eller tramadol til den aktive metabolit (50 mg tramadol â‰ˆ 10 mg morfin). HVORDAN: Seponér ved aftrapning efter en individuel plan. Efter kortvarig behandling (mindre end 6 uger): Reducér døgndosis med 10-20 % hver 3.-5. dag. Efter langvarig behandling: Reducér døgndosis med 5-20 % med ca. 2 ugers mellemrum. Giv ikke oralt opioid inden for ca. 18 timer efter fjernelse af fentanyl-plastre og ca. 24 timer efter buprenorphin-plastre. Klip ikke depotplastre over. Begræns dosis til max 100 mg morfinækvivalenter per døgn. Juster laksantia ved seponering eller reduktion af dosis.
N07BC02;Seponér smerteplastre hvis patienten kan tage tabletter (Plastre harstørre variation i biotilgængelighed og flere utilsigtede hændelser). Ca. 10 % af befolkningen kan ikke omdanne kodein til morfin (25 mg kodein â‰ˆ 2,5 mg morfin) eller tramadol til den aktive metabolit (50 mg tramadol â‰ˆ 10 mg morfin). HVORDAN: Seponér ved aftrapning efter en individuel plan. Efter kortvarig behandling (mindre end 6 uger): Reducér døgndosis med 10-20 % hver 3.-5. dag. Efter langvarig behandling: Reducér døgndosis med 5-20 % med ca. 2 ugers mellemrum. Giv ikke oralt opioid inden for ca. 18 timer efter fjernelse af fentanyl-plastre og ca. 24 timer efter buprenorphin-plastre. Klip ikke depotplastre over. Begræns dosis til max 100 mg morfinækvivalenter per døgn. Juster laksantia ved seponering eller reduktion af dosis.
N02AX;Seponér smerteplastre hvis patienten kan tage tabletter (Plastre harstørre variation i biotilgængelighed og flere utilsigtede hændelser). Ca. 10 % af befolkningen kan ikke omdanne kodein til morfin (25 mg kodein â‰ˆ 2,5 mg morfin) eller tramadol til den aktive metabolit (50 mg tramadol â‰ˆ 10 mg morfin). HVORDAN: Seponér ved aftrapning efter en individuel plan. Efter kortvarig behandling (mindre end 6 uger): Reducér døgndosis med 10-20 % hver 3.-5. dag. Efter langvarig behandling: Reducér døgndosis med 5-20 % med ca. 2 ugers mellemrum. Giv ikke oralt opioid inden for ca. 18 timer efter fjernelse af fentanyl-plastre og ca. 24 timer efter buprenorphin-plastre. Klip ikke depotplastre over. Begræns dosis til max 100 mg morfinækvivalenter per døgn. Juster laksantia ved seponering eller reduktion af dosis.
N02AE01;Overvej seponering af opioider mod kroniske, non-maligne smerter pga. bivirkninger og sparsom evidens for effekt. Ca. 10 % af befolkningen kan ikke omdanne kodein til morfin (25 mg kodein â‰ˆ 2,5 mg morfin) eller tramadol til den aktive metabolit (50 mg tramadol â‰ˆ 10 mg morfin). HVORDAN: Seponér ved aftrapning efter en individuel plan. Efter kortvarig behandling (mindre end 6 uger): Reducér døgndosis med 10-20 % hver 3.-5. dag. Efter langvarig behandling: Reducér døgndosis med 5-20 % med ca. 2 ugers mellemrum. Giv ikke oralt opioid inden for ca. 18 timer efter fjernelse af fentanyl-plastre og ca. 24 timer efter buprenorphin-plastre. Klip ikke depotplastre over. Begræns dosis til max 100 mg morfinækvivalenter per døgn. Juster laksantia ved seponering eller reduktion af dosis.
N02AB;Overvej seponering af opioider mod kroniske, non-maligne smerter pga. bivirkninger og sparsom evidens for effekt. Ca. 10 % af befolkningen kan ikke omdanne kodein til morfin (25 mg kodein â‰ˆ 2,5 mg morfin) eller tramadol til den aktive metabolit (50 mg tramadol â‰ˆ 10 mg morfin). HVORDAN: Seponér ved aftrapning efter en individuel plan. Efter kortvarig behandling (mindre end 6 uger): Reducér døgndosis med 10-20 % hver 3.-5. dag. Efter langvarig behandling: Reducér døgndosis med 5-20 % med ca. 2 ugers mellemrum. Giv ikke oralt opioid inden for ca. 18 timer efter fjernelse af fentanyl-plastre og ca. 24 timer efter buprenorphin-plastre. Klip ikke depotplastre over. Begræns dosis til max 100 mg morfinækvivalenter per døgn. Juster laksantia ved seponering eller reduktion af dosis.
N02AA;Overvej seponering af opioider mod kroniske, non-maligne smerter pga. bivirkninger og sparsom evidens for effekt. Ca. 10 % af befolkningen kan ikke omdanne kodein til morfin (25 mg kodein â‰ˆ 2,5 mg morfin) eller tramadol til den aktive metabolit (50 mg tramadol â‰ˆ 10 mg morfin). HVORDAN: Seponér ved aftrapning efter en individuel plan. Efter kortvarig behandling (mindre end 6 uger): Reducér døgndosis med 10-20 % hver 3.-5. dag. Efter langvarig behandling: Reducér døgndosis med 5-20 % med ca. 2 ugers mellemrum. Giv ikke oralt opioid inden for ca. 18 timer efter fjernelse af fentanyl-plastre og ca. 24 timer efter buprenorphin-plastre. Klip ikke depotplastre over. Begræns dosis til max 100 mg morfinækvivalenter per døgn. Juster laksantia ved seponering eller reduktion af dosis.
N07BC02;Overvej seponering af opioider mod kroniske, non-maligne smerter pga. bivirkninger og sparsom evidens for effekt. Ca. 10 % af befolkningen kan ikke omdanne kodein til morfin (25 mg kodein â‰ˆ 2,5 mg morfin) eller tramadol til den aktive metabolit (50 mg tramadol â‰ˆ 10 mg morfin). HVORDAN: Seponér ved aftrapning efter en individuel plan. Efter kortvarig behandling (mindre end 6 uger): Reducér døgndosis med 10-20 % hver 3.-5. dag. Efter langvarig behandling: Reducér døgndosis med 5-20 % med ca. 2 ugers mellemrum. Giv ikke oralt opioid inden for ca. 18 timer efter fjernelse af fentanyl-plastre og ca. 24 timer efter buprenorphin-plastre. Klip ikke depotplastre over. Begræns dosis til max 100 mg morfinækvivalenter per døgn. Juster laksantia ved seponering eller reduktion af dosis.
N02AX;Overvej seponering af opioider mod kroniske, non-maligne smerter pga. bivirkninger og sparsom evidens for effekt. Ca. 10 % af befolkningen kan ikke omdanne kodein til morfin (25 mg kodein â‰ˆ 2,5 mg morfin) eller tramadol til den aktive metabolit (50 mg tramadol â‰ˆ 10 mg morfin). HVORDAN: Seponér ved aftrapning efter en individuel plan. Efter kortvarig behandling (mindre end 6 uger): Reducér døgndosis med 10-20 % hver 3.-5. dag. Efter langvarig behandling: Reducér døgndosis med 5-20 % med ca. 2 ugers mellemrum. Giv ikke oralt opioid inden for ca. 18 timer efter fjernelse af fentanyl-plastre og ca. 24 timer efter buprenorphin-plastre. Klip ikke depotplastre over. Begræns dosis til max 100 mg morfinækvivalenter per døgn. Juster laksantia ved seponering eller reduktion af dosis.
N02AJ;Overvej seponering af opioider mod kroniske, non-maligne smerter pga. bivirkninger og sparsom evidens for effekt. Ca. 10 % af befolkningen kan ikke omdanne kodein til morfin (25 mg kodein â‰ˆ 2,5 mg morfin) eller tramadol til den aktive metabolit (50 mg tramadol â‰ˆ 10 mg morfin). HVORDAN: Seponér ved aftrapning efter en individuel plan. Efter kortvarig behandling (mindre end 6 uger): Reducér døgndosis med 10-20 % hver 3.-5. dag. Efter langvarig behandling: Reducér døgndosis med 5-20 % med ca. 2 ugers mellemrum. Giv ikke oralt opioid inden for ca. 18 timer efter fjernelse af fentanyl-plastre og ca. 24 timer efter buprenorphin-plastre. Klip ikke depotplastre over. Begræns dosis til max 100 mg morfinækvivalenter per døgn. Juster laksantia ved seponering eller reduktion af dosis.
N02AG;Overvej seponering af opioider mod kroniske, non-maligne smerter pga. bivirkninger og sparsom evidens for effekt. Ca. 10 % af befolkningen kan ikke omdanne kodein til morfin (25 mg kodein â‰ˆ 2,5 mg morfin) eller tramadol til den aktive metabolit (50 mg tramadol â‰ˆ 10 mg morfin). HVORDAN: Seponér ved aftrapning efter en individuel plan. Efter kortvarig behandling (mindre end 6 uger): Reducér døgndosis med 10-20 % hver 3.-5. dag. Efter langvarig behandling: Reducér døgndosis med 5-20 % med ca. 2 ugers mellemrum. Giv ikke oralt opioid inden for ca. 18 timer efter fjernelse af fentanyl-plastre og ca. 24 timer efter buprenorphin-plastre. Klip ikke depotplastre over. Begræns dosis til max 100 mg morfinækvivalenter per døgn. Juster laksantia ved seponering eller reduktion af dosis.
N02BE;Overvej seponering af paracetamol ved langtidsbehandling. HVORFOR: Effekten af langtidsbehandling (over 6 uger) er usikker, men nogle kan have gavn af behandlingen. HVORDAN: Kan seponeres uden aftrapning eller ved hjælp af en tidsbegrænset pn-ordination.
N02BF;Seponer gabapentinoider  inden for 4 ugers behandling af akut belastningsreaktion eller tilpasningsreaktion med angst- og urosymptomer. HVORFOR: Der er risiko for bivirkninger (fx afhængighed, svimmelhed og kognitiv svækkelse). HVORDAN: Efter kortvarig behandling (almindeligvis 1-2 uger og højst 4 uger) seponeres ved aftrapning over få dage. Efter langvarig behandling aftrappes dosis langsomt (uger til måneder). Ved seponeringssymptomer aftrappes langsommere, især sidst i forløbet.
N02BF;Overvej seponering af gabapentionider ved langvarig smertebehandling. HVORFOR: Der er risiko for bivirkninger (fx afhængighed, svimmelhed og kognitiv svækkelse). HVORDAN: Efter kortvarig behandling (almindeligvis 1-2 uger og højst 4 uger) seponeres ved aftrapning over få dage. Efter langvarig behandling aftrappes dosis langsomt (uger til måneder). Ved seponeringssymptomer aftrappes langsommere, især sidst i forløbet
N02BF;Overvej seponering af gabapentionider ved generaliseret angst efter ½ -1 års behandling med god effekt. HVORFOR: Der er risiko for bivirkninger (fx afhængighed, svimmelhed og kognitiv svækkelse). HVORDAN: Efter kortvarig behandling (almindeligvis 1-2 uger og højst 4 uger) seponeres ved aftrapning over få dage. Efter langvarig behandling aftrappes dosis langsomt (uger til måneder). Ved seponeringssymptomer aftrappes langsommere, især sidst i forløbet
N04BC05;Overvej seponering af pramipexol ved uro i benene og Restless leg syndrom (RLS). HVORFOR: Ved langvarig behandling kan symptomerne forstærkes, så de optræder tidligere på dagen og breder sig til andre legemsdele (augmentation). HVORDAN: Kan seponeres uden aftrapning ved de normale doser ? 0.54mg til RLS.
N05CF;Seponér benzodiazepiner ved akut belastningsreaktion eller tilpasningsreaktion med angst- og urosymptomer inden for 4 ugers behandling. Langtidsbehandling med benzodiazepin kan dog være indiceret ved behandlingsrefraktær angst. HVORFOR: Effekten aftager, mens bivirkningerne består (fx afhængighed, dagsedation, svimmelhed med øget faldtendens og kognitiv svækkelse). HVORDAN: Efter kortvarig behandling (almindeligvis 1-2 uger og højst 4 uger) seponeres ved aftrapning over få dage. Efter langvarig behandling aftrappes dosis langsomt (uger til måneder). Brug evt. tabletdeler eller medicin-fri dage. Ved seponeringssymptomer aftrappes langsommere, især sidst i forløbet.
N05CD;Seponér benzodiazepiner ved akut belastningsreaktion eller tilpasningsreaktion med angst- og urosymptomer inden for 4 ugers behandling. Langtidsbehandling med benzodiazepin kan dog være indiceret ved behandlingsrefraktær angst. HVORFOR: Effekten aftager, mens bivirkningerne består (fx afhængighed, dagsedation, svimmelhed med øget faldtendens og kognitiv svækkelse). HVORDAN: Efter kortvarig behandling (almindeligvis 1-2 uger og højst 4 uger) seponeres ved aftrapning over få dage. Efter langvarig behandling aftrappes dosis langsomt (uger til måneder). Brug evt. tabletdeler eller medicin-fri dage. Ved seponeringssymptomer aftrappes langsommere, især sidst i forløbet.
N05BA;Seponér benzodiazepiner ved akut belastningsreaktion eller tilpasningsreaktion med angst- og urosymptomer inden for 4 ugers behandling. Langtidsbehandling med benzodiazepin kan dog være indiceret ved behandlingsrefraktær angst. HVORFOR: Effekten aftager, mens bivirkningerne består (fx afhængighed, dagsedation, svimmelhed med øget faldtendens og kognitiv svækkelse). HVORDAN: Efter kortvarig behandling (almindeligvis 1-2 uger og højst 4 uger) seponeres ved aftrapning over få dage. Efter langvarig behandling aftrappes dosis langsomt (uger til måneder). Brug evt. tabletdeler eller medicin-fri dage. Ved seponeringssymptomer aftrappes langsommere, især sidst i forløbet.
N05BA;Seponér benzodiazepiner ved søvnbesvær inden for 2 uger, da den søvnfremkaldende virkning aftager hurtigt. HVORFOR: Effekten aftager, mens bivirkningerne består (fx afhængighed, dagsedation, svimmelhed med øget faldtendens og kognitiv svækkelse). HVORDAN: Efter kortvarig behandling (almindeligvis 1-2 uger og højst 4 uger) seponeres ved aftrapning over få dage. Efter langvarig behandling aftrappes dosis langsomt (uger til måneder). Brug evt. tabletdeler eller medicin-fri dage. Ved seponeringssymptomer aftrappes langsommere, især sidst i forløbet.
N05CF;Seponér benzodiazepiner ved søvnbesvær inden for 2 uger, da den søvnfremkaldende virkning aftager hurtigt. HVORFOR: Effekten aftager, mens bivirkningerne består (fx afhængighed, dagsedation, svimmelhed med øget faldtendens og kognitiv svækkelse). HVORDAN: Efter kortvarig behandling (almindeligvis 1-2 uger og højst 4 uger) seponeres ved aftrapning over få dage. Efter langvarig behandling aftrappes dosis langsomt (uger til måneder). Brug evt. tabletdeler eller medicin-fri dage. Ved seponeringssymptomer aftrappes langsommere, især sidst i forløbet.
N05CD;Seponér benzodiazepiner ved søvnbesvær inden for 2 uger, da den søvnfremkaldende virkning aftager hurtigt. HVORFOR: Effekten aftager, mens bivirkningerne består (fx afhængighed, dagsedation, svimmelhed med øget faldtendens og kognitiv svækkelse). HVORDAN: Efter kortvarig behandling (almindeligvis 1-2 uger og højst 4 uger) seponeres ved aftrapning over få dage. Efter langvarig behandling aftrappes dosis langsomt (uger til måneder). Brug evt. tabletdeler eller medicin-fri dage. Ved seponeringssymptomer aftrappes langsommere, især sidst i forløbet.
N05AF;Seponér antipsykotika ved demens inden for 3 måneders behandling, grundet stor risiko for bivirkninger, herunder øget dødelighed. Antipsykotika kan dog være indiceret ved komorbid psykisk lidelse, fx bipolar lidelse og skizofreni. Revurder jævnligt indikation for behandlingen. I tilfælde, hvor langvarig behandling er indiceret, bør behandlingen foregå i samarbejde med speciallæge i psykiatri. HVORDAN: Seponér ved aftrapning. Lave doser kan seponeres uden aftrapning under forudsætning af grundig information om eventuelle seponeringssymptomer (fx sveden, kvalme, diarré, søvnløshed og motoriske forstyrrelser).
N05AE;Seponér antipsykotika ved demens inden for 3 måneders behandling, grundet stor risiko for bivirkninger, herunder øget dødelighed. Antipsykotika kan dog være indiceret ved komorbid psykisk lidelse, fx bipolar lidelse og skizofreni. Revurder jævnligt indikation for behandlingen. I tilfælde, hvor langvarig behandling er indiceret, bør behandlingen foregå i samarbejde med speciallæge i psykiatri. HVORDAN: Seponér ved aftrapning. Lave doser kan seponeres uden aftrapning under forudsætning af grundig information om eventuelle seponeringssymptomer (fx sveden, kvalme, diarré, søvnløshed og motoriske forstyrrelser).
N05AD;Seponér antipsykotika ved demens inden for 3 måneders behandling, grundet stor risiko for bivirkninger, herunder øget dødelighed. Antipsykotika kan dog være indiceret ved komorbid psykisk lidelse, fx bipolar lidelse og skizofreni. Revurder jævnligt indikation for behandlingen. I tilfælde, hvor langvarig behandling er indiceret, bør behandlingen foregå i samarbejde med speciallæge i psykiatri. HVORDAN: Seponér ved aftrapning. Lave doser kan seponeres uden aftrapning under forudsætning af grundig information om eventuelle seponeringssymptomer (fx sveden, kvalme, diarré, søvnløshed og motoriske forstyrrelser).
N05AB;Seponér antipsykotika ved demens inden for 3 måneders behandling, grundet stor risiko for bivirkninger, herunder øget dødelighed. Antipsykotika kan dog være indiceret ved komorbid psykisk lidelse, fx bipolar lidelse og skizofreni. Revurder jævnligt indikation for behandlingen. I tilfælde, hvor langvarig behandling er indiceret, bør behandlingen foregå i samarbejde med speciallæge i psykiatri. HVORDAN: Seponér ved aftrapning. Lave doser kan seponeres uden aftrapning under forudsætning af grundig information om eventuelle seponeringssymptomer (fx sveden, kvalme, diarré, søvnløshed og motoriske forstyrrelser).
N05AX;Seponér antipsykotika ved demens inden for 3 måneders behandling, grundet stor risiko for bivirkninger, herunder øget dødelighed. Antipsykotika kan dog være indiceret ved komorbid psykisk lidelse, fx bipolar lidelse og skizofreni. Revurder jævnligt indikation for behandlingen. I tilfælde, hvor langvarig behandling er indiceret, bør behandlingen foregå i samarbejde med speciallæge i psykiatri. HVORDAN: Seponér ved aftrapning. Lave doser kan seponeres uden aftrapning under forudsætning af grundig information om eventuelle seponeringssymptomer (fx sveden, kvalme, diarré, søvnløshed og motoriske forstyrrelser).
N05AL;Seponér antipsykotika ved demens inden for 3 måneders behandling, grundet stor risiko for bivirkninger, herunder øget dødelighed. Antipsykotika kan dog være indiceret ved komorbid psykisk lidelse, fx bipolar lidelse og skizofreni. Revurder jævnligt indikation for behandlingen. I tilfælde, hvor langvarig behandling er indiceret, bør behandlingen foregå i samarbejde med speciallæge i psykiatri. HVORDAN: Seponér ved aftrapning. Lave doser kan seponeres uden aftrapning under forudsætning af grundig information om eventuelle seponeringssymptomer (fx sveden, kvalme, diarré, søvnløshed og motoriske forstyrrelser).
N05AH;Seponér antipsykotika ved demens inden for 3 måneders behandling, grundet stor risiko for bivirkninger, herunder øget dødelighed. Antipsykotika kan dog være indiceret ved komorbid psykisk lidelse, fx bipolar lidelse og skizofreni. Revurder jævnligt indikation for behandlingen. I tilfælde, hvor langvarig behandling er indiceret, bør behandlingen foregå i samarbejde med speciallæge i psykiatri. HVORDAN: Seponér ved aftrapning. Lave doser kan seponeres uden aftrapning under forudsætning af grundig information om eventuelle seponeringssymptomer (fx sveden, kvalme, diarré, søvnløshed og motoriske forstyrrelser).
N05AG;Seponér antipsykotika ved demens inden for 3 måneders behandling, grundet stor risiko for bivirkninger, herunder øget dødelighed. Antipsykotika kan dog være indiceret ved komorbid psykisk lidelse, fx bipolar lidelse og skizofreni. Revurder jævnligt indikation for behandlingen. I tilfælde, hvor langvarig behandling er indiceret, bør behandlingen foregå i samarbejde med speciallæge i psykiatri. HVORDAN: Seponér ved aftrapning. Lave doser kan seponeres uden aftrapning under forudsætning af grundig information om eventuelle seponeringssymptomer (fx sveden, kvalme, diarré, søvnløshed og motoriske forstyrrelser).
N05AX;Seponer antipsykotika ved delir, da antipsykotika muligvis ikke nedsætter varigheden af delirium eller mindsker uro. Antipsykotika kan dog være indiceret ved komorbid psykisk lidelse, fx bipolar lidelse og skizofreni. Revurder jævnligt indikation for behandlingen. I tilfælde, hvor langvarig behandling er indiceret, bør behandlingen foregå i samarbejde med speciallæge i psykiatri. HVORDAN: Seponér ved aftrapning. Lave doser kan seponeres uden aftrapning under forudsætning af grundig information om eventuelle seponeringssymptomer (fx sveden, kvalme, diarré, søvnløshed og motoriske forstyrrelser).
N05AB;Seponer antipsykotika ved delir, da antipsykotika muligvis ikke nedsætter varigheden af delirium eller mindsker uro. Antipsykotika kan dog være indiceret ved komorbid psykisk lidelse, fx bipolar lidelse og skizofreni. Revurder jævnligt indikation for behandlingen. I tilfælde, hvor langvarig behandling er indiceret, bør behandlingen foregå i samarbejde med speciallæge i psykiatri. HVORDAN: Seponér ved aftrapning. Lave doser kan seponeres uden aftrapning under forudsætning af grundig information om eventuelle seponeringssymptomer (fx sveden, kvalme, diarré, søvnløshed og motoriske forstyrrelser).
N05AD;Seponer antipsykotika ved delir, da antipsykotika muligvis ikke nedsætter varigheden af delirium eller mindsker uro. Antipsykotika kan dog være indiceret ved komorbid psykisk lidelse, fx bipolar lidelse og skizofreni. Revurder jævnligt indikation for behandlingen. I tilfælde, hvor langvarig behandling er indiceret, bør behandlingen foregå i samarbejde med speciallæge i psykiatri. HVORDAN: Seponér ved aftrapning. Lave doser kan seponeres uden aftrapning under forudsætning af grundig information om eventuelle seponeringssymptomer (fx sveden, kvalme, diarré, søvnløshed og motoriske forstyrrelser).
N05AE;Seponer antipsykotika ved delir, da antipsykotika muligvis ikke nedsætter varigheden af delirium eller mindsker uro. Antipsykotika kan dog være indiceret ved komorbid psykisk lidelse, fx bipolar lidelse og skizofreni. Revurder jævnligt indikation for behandlingen. I tilfælde, hvor langvarig behandling er indiceret, bør behandlingen foregå i samarbejde med speciallæge i psykiatri. HVORDAN: Seponér ved aftrapning. Lave doser kan seponeres uden aftrapning under forudsætning af grundig information om eventuelle seponeringssymptomer (fx sveden, kvalme, diarré, søvnløshed og motoriske forstyrrelser).
N05AF;Seponer antipsykotika ved delir, da antipsykotika muligvis ikke nedsætter varigheden af delirium eller mindsker uro. Antipsykotika kan dog være indiceret ved komorbid psykisk lidelse, fx bipolar lidelse og skizofreni. Revurder jævnligt indikation for behandlingen. I tilfælde, hvor langvarig behandling er indiceret, bør behandlingen foregå i samarbejde med speciallæge i psykiatri. HVORDAN: Seponér ved aftrapning. Lave doser kan seponeres uden aftrapning under forudsætning af grundig information om eventuelle seponeringssymptomer (fx sveden, kvalme, diarré, søvnløshed og motoriske forstyrrelser).
N05AG;Seponer antipsykotika ved delir, da antipsykotika muligvis ikke nedsætter varigheden af delirium eller mindsker uro. Antipsykotika kan dog være indiceret ved komorbid psykisk lidelse, fx bipolar lidelse og skizofreni. Revurder jævnligt indikation for behandlingen. I tilfælde, hvor langvarig behandling er indiceret, bør behandlingen foregå i samarbejde med speciallæge i psykiatri. HVORDAN: Seponér ved aftrapning. Lave doser kan seponeres uden aftrapning under forudsætning af grundig information om eventuelle seponeringssymptomer (fx sveden, kvalme, diarré, søvnløshed og motoriske forstyrrelser).
N05AH;Seponer antipsykotika ved delir, da antipsykotika muligvis ikke nedsætter varigheden af delirium eller mindsker uro. Antipsykotika kan dog være indiceret ved komorbid psykisk lidelse, fx bipolar lidelse og skizofreni. Revurder jævnligt indikation for behandlingen. I tilfælde, hvor langvarig behandling er indiceret, bør behandlingen foregå i samarbejde med speciallæge i psykiatri. HVORDAN: Seponér ved aftrapning. Lave doser kan seponeres uden aftrapning under forudsætning af grundig information om eventuelle seponeringssymptomer (fx sveden, kvalme, diarré, søvnløshed og motoriske forstyrrelser).
N05AL;Seponer antipsykotika ved delir, da antipsykotika muligvis ikke nedsætter varigheden af delirium eller mindsker uro. Antipsykotika kan dog være indiceret ved komorbid psykisk lidelse, fx bipolar lidelse og skizofreni. Revurder jævnligt indikation for behandlingen. I tilfælde, hvor langvarig behandling er indiceret, bør behandlingen foregå i samarbejde med speciallæge i psykiatri. HVORDAN: Seponér ved aftrapning. Lave doser kan seponeres uden aftrapning under forudsætning af grundig information om eventuelle seponeringssymptomer (fx sveden, kvalme, diarré, søvnløshed og motoriske forstyrrelser).
N05AX;Seponer antipsykotika ved akut belastningsreaktion med angst- og urosymptomer inden for 4 ugers behandling, da der er betydelig risiko for bivirkninger, trods behandling i lave doser. Antipsykotika kan dog være indiceret ved komorbid psykisk lidelse, fx bipolar lidelse og skizofreni. Revurder jævnligt indikation for behandlingen. I tilfælde, hvor langvarig behandling er indiceret, bør behandlingen foregå i samarbejde med speciallæge i psykiatri. HVORDAN: Seponér ved aftrapning. Lave doser kan seponeres uden aftrapning under forudsætning af grundig information om eventuelle seponeringssymptomer (fx sveden, kvalme, diarré, søvnløshed og motoriske forstyrrelser).
N05AB;Seponer antipsykotika ved akut belastningsreaktion med angst- og urosymptomer inden for 4 ugers behandling, da der er betydelig risiko for bivirkninger, trods behandling i lave doser. Antipsykotika kan dog være indiceret ved komorbid psykisk lidelse, fx bipolar lidelse og skizofreni. Revurder jævnligt indikation for behandlingen. I tilfælde, hvor langvarig behandling er indiceret, bør behandlingen foregå i samarbejde med speciallæge i psykiatri. HVORDAN: Seponér ved aftrapning. Lave doser kan seponeres uden aftrapning under forudsætning af grundig information om eventuelle seponeringssymptomer (fx sveden, kvalme, diarré, søvnløshed og motoriske forstyrrelser).
N05AD;Seponer antipsykotika ved akut belastningsreaktion med angst- og urosymptomer inden for 4 ugers behandling, da der er betydelig risiko for bivirkninger, trods behandling i lave doser. Antipsykotika kan dog være indiceret ved komorbid psykisk lidelse, fx bipolar lidelse og skizofreni. Revurder jævnligt indikation for behandlingen. I tilfælde, hvor langvarig behandling er indiceret, bør behandlingen foregå i samarbejde med speciallæge i psykiatri. HVORDAN: Seponér ved aftrapning. Lave doser kan seponeres uden aftrapning under forudsætning af grundig information om eventuelle seponeringssymptomer (fx sveden, kvalme, diarré, søvnløshed og motoriske forstyrrelser).
N05AE;Seponer antipsykotika ved akut belastningsreaktion med angst- og urosymptomer inden for 4 ugers behandling, da der er betydelig risiko for bivirkninger, trods behandling i lave doser. Antipsykotika kan dog være indiceret ved komorbid psykisk lidelse, fx bipolar lidelse og skizofreni. Revurder jævnligt indikation for behandlingen. I tilfælde, hvor langvarig behandling er indiceret, bør behandlingen foregå i samarbejde med speciallæge i psykiatri. HVORDAN: Seponér ved aftrapning. Lave doser kan seponeres uden aftrapning under forudsætning af grundig information om eventuelle seponeringssymptomer (fx sveden, kvalme, diarré, søvnløshed og motoriske forstyrrelser).
N05AF;Seponer antipsykotika ved akut belastningsreaktion med angst- og urosymptomer inden for 4 ugers behandling, da der er betydelig risiko for bivirkninger, trods behandling i lave doser. Antipsykotika kan dog være indiceret ved komorbid psykisk lidelse, fx bipolar lidelse og skizofreni. Revurder jævnligt indikation for behandlingen. I tilfælde, hvor langvarig behandling er indiceret, bør behandlingen foregå i samarbejde med speciallæge i psykiatri. HVORDAN: Seponér ved aftrapning. Lave doser kan seponeres uden aftrapning under forudsætning af grundig information om eventuelle seponeringssymptomer (fx sveden, kvalme, diarré, søvnløshed og motoriske forstyrrelser).
N05AG;Seponer antipsykotika ved akut belastningsreaktion med angst- og urosymptomer inden for 4 ugers behandling, da der er betydelig risiko for bivirkninger, trods behandling i lave doser. Antipsykotika kan dog være indiceret ved komorbid psykisk lidelse, fx bipolar lidelse og skizofreni. Revurder jævnligt indikation for behandlingen. I tilfælde, hvor langvarig behandling er indiceret, bør behandlingen foregå i samarbejde med speciallæge i psykiatri. HVORDAN: Seponér ved aftrapning. Lave doser kan seponeres uden aftrapning under forudsætning af grundig information om eventuelle seponeringssymptomer (fx sveden, kvalme, diarré, søvnløshed og motoriske forstyrrelser).
N05AH;Seponer antipsykotika ved akut belastningsreaktion med angst- og urosymptomer inden for 4 ugers behandling, da der er betydelig risiko for bivirkninger, trods behandling i lave doser. Antipsykotika kan dog være indiceret ved komorbid psykisk lidelse, fx bipolar lidelse og skizofreni. Revurder jævnligt indikation for behandlingen. I tilfælde, hvor langvarig behandling er indiceret, bør behandlingen foregå i samarbejde med speciallæge i psykiatri. HVORDAN: Seponér ved aftrapning. Lave doser kan seponeres uden aftrapning under forudsætning af grundig information om eventuelle seponeringssymptomer (fx sveden, kvalme, diarré, søvnløshed og motoriske forstyrrelser).
N05AL;Seponer antipsykotika ved akut belastningsreaktion med angst- og urosymptomer inden for 4 ugers behandling, da der er betydelig risiko for bivirkninger, trods behandling i lave doser. Antipsykotika kan dog være indiceret ved komorbid psykisk lidelse, fx bipolar lidelse og skizofreni. Revurder jævnligt indikation for behandlingen. I tilfælde, hvor langvarig behandling er indiceret, bør behandlingen foregå i samarbejde med speciallæge i psykiatri. HVORDAN: Seponér ved aftrapning. Lave doser kan seponeres uden aftrapning under forudsætning af grundig information om eventuelle seponeringssymptomer (fx sveden, kvalme, diarré, søvnløshed og motoriske forstyrrelser).
N06AB;Overvej seponering af antidepressiva ved depression efter ½-1 års symptomfrihed ved første depressive episode eller mindst 2 år efter symptomfrihed ved én eller flere tidligere depressioner eller tilstedeværelse af andre risikofaktorer for tilbagefald. HVORDAN: Seponér ved langsom aftrapning over én til flere måneder efter en individuel plan. Reducer dosis med fx 25-50 % med 1-2 ugers mellemrum. Brug evt. tabletdeler. Ved seponeringssymptomer: Forlæng tiden mellem dosisreduktionerne eller foretag langsommere dosisreduktion. Kan især være nødvendigt sidst i forløbet.
N06AA;Overvej seponering af antidepressiva ved depression efter ½-1 års symptomfrihed ved første depressive episode eller mindst 2 år efter symptomfrihed ved én eller flere tidligere depressioner eller tilstedeværelse af andre risikofaktorer for tilbagefald. HVORDAN: Seponér ved langsom aftrapning over én til flere måneder efter en individuel plan. Reducer dosis med fx 25-50 % med 1-2 ugers mellemrum. Brug evt. tabletdeler. Ved seponeringssymptomer: Forlæng tiden mellem dosisreduktionerne eller foretag langsommere dosisreduktion. Kan især være nødvendigt sidst i forløbet.
N06AF;Overvej seponering af antidepressiva ved depression efter ½-1 års symptomfrihed ved første depressive episode eller mindst 2 år efter symptomfrihed ved én eller flere tidligere depressioner eller tilstedeværelse af andre risikofaktorer for tilbagefald. HVORDAN: Seponér ved langsom aftrapning over én til flere måneder efter en individuel plan. Reducer dosis med fx 25-50 % med 1-2 ugers mellemrum. Brug evt. tabletdeler. Ved seponeringssymptomer: Forlæng tiden mellem dosisreduktionerne eller foretag langsommere dosisreduktion. Kan især være nødvendigt sidst i forløbet.
N06AX;Overvej seponering af antidepressiva ved depression efter ½-1 års symptomfrihed ved første depressive episode eller mindst 2 år efter symptomfrihed ved én eller flere tidligere depressioner eller tilstedeværelse af andre risikofaktorer for tilbagefald. HVORDAN: Seponér ved langsom aftrapning over én til flere måneder efter en individuel plan. Reducer dosis med fx 25-50 % med 1-2 ugers mellemrum. Brug evt. tabletdeler. Ved seponeringssymptomer: Forlæng tiden mellem dosisreduktionerne eller foretag langsommere dosisreduktion. Kan især være nødvendigt sidst i forløbet.
N06AB;Overvej seponering af antidepressiva ved demens uden kendt affektiv sygdom efter ½ års behandling. HVORDAN: Seponér ved langsom aftrapning over én til flere måneder efter en individuel plan. Reducer dosis med fx 25-50 % med 1-2 ugers mellemrum. Brug evt. tabletdeler. Ved seponeringssymptomer: Forlæng tiden mellem dosisreduktionerne eller foretag langsommere dosisreduktion. Kan især være nødvendigt sidst i forløbet.
N06AX;Overvej seponering af antidepressiva ved demens uden kendt affektiv sygdom efter ½ års behandling. HVORDAN: Seponér ved langsom aftrapning over én til flere måneder efter en individuel plan. Reducer dosis med fx 25-50 % med 1-2 ugers mellemrum. Brug evt. tabletdeler. Ved seponeringssymptomer: Forlæng tiden mellem dosisreduktionerne eller foretag langsommere dosisreduktion. Kan især være nødvendigt sidst i forløbet.
N06AA;Overvej seponering af antidepressiva ved demens uden kendt affektiv sygdom efter ½ års behandling. HVORDAN: Seponér ved langsom aftrapning over én til flere måneder efter en individuel plan. Reducer dosis med fx 25-50 % med 1-2 ugers mellemrum. Brug evt. tabletdeler. Ved seponeringssymptomer: Forlæng tiden mellem dosisreduktionerne eller foretag langsommere dosisreduktion. Kan især være nødvendigt sidst i forløbet.
N06AF;Overvej seponering af antidepressiva ved demens uden kendt affektiv sygdom efter ½ års behandling. HVORDAN: Seponér ved langsom aftrapning over én til flere måneder efter en individuel plan. Reducer dosis med fx 25-50 % med 1-2 ugers mellemrum. Brug evt. tabletdeler. Ved seponeringssymptomer: Forlæng tiden mellem dosisreduktionerne eller foretag langsommere dosisreduktion. Kan især være nødvendigt sidst i forløbet.
N06AB;Overvej seponering af antidepressiva ved angstlidelse efter ½-1 års behandling med god effekt. HVORDAN: Seponér ved langsom aftrapning over én til flere måneder efter en individuel plan. Reducer dosis med fx 25-50 % med 1-2 ugers mellemrum. Brug evt. tabletdeler.  Ved seponeringssymptomer: Forlæng tiden mellem dosisreduktionerne eller foretag langsommere dosisreduktion. Kan især være nødvendigt sidst i forløbet. 
N06AX;Overvej seponering af antidepressiva ved angstlidelse efter ½-1 års behandling med god effekt. HVORDAN: Seponér ved langsom aftrapning over én til flere måneder efter en individuel plan. Reducer dosis med fx 25-50 % med 1-2 ugers mellemrum. Brug evt. tabletdeler.  Ved seponeringssymptomer: Forlæng tiden mellem dosisreduktionerne eller foretag langsommere dosisreduktion. Kan især være nødvendigt sidst i forløbet. 
N06AA;Overvej seponering af antidepressiva ved angstlidelse efter ½-1 års behandling med god effekt. HVORDAN: Seponér ved langsom aftrapning over én til flere måneder efter en individuel plan. Reducer dosis med fx 25-50 % med 1-2 ugers mellemrum. Brug evt. tabletdeler.  Ved seponeringssymptomer: Forlæng tiden mellem dosisreduktionerne eller foretag langsommere dosisreduktion. Kan især være nødvendigt sidst i forløbet. 
N06AF;Overvej seponering af antidepressiva ved angstlidelse efter ½-1 års behandling med god effekt. HVORDAN: Seponér ved langsom aftrapning over én til flere måneder efter en individuel plan. Reducer dosis med fx 25-50 % med 1-2 ugers mellemrum. Brug evt. tabletdeler.  Ved seponeringssymptomer: Forlæng tiden mellem dosisreduktionerne eller foretag langsommere dosisreduktion. Kan især være nødvendigt sidst i forløbet. 
N06AA;Seponér antidepressiva givet for søvnbesvær inden for 2-4 ugers behandling. HVORDAN: Seponér ved langsom aftrapning over én til flere måneder efter en individuel plan. Reducer dosis med fx 25-50 % med 1-2 ugers mellemrum. Brug evt. tabletdeler.  Ved seponeringssymptomer: Forlæng tiden mellem dosisreduktionerne eller foretag langsommere dosisreduktion. Kan især være nødvendigt sidst i forløbet.
N06AX;Seponér antidepressiva givet for søvnbesvær inden for 2-4 ugers behandling. HVORDAN: Seponér ved langsom aftrapning over én til flere måneder efter en individuel plan. Reducer dosis med fx 25-50 % med 1-2 ugers mellemrum. Brug evt. tabletdeler.  Ved seponeringssymptomer: Forlæng tiden mellem dosisreduktionerne eller foretag langsommere dosisreduktion. Kan især være nødvendigt sidst i forløbet.
N06AF;Seponér antidepressiva givet for søvnbesvær inden for 2-4 ugers behandling. HVORDAN: Seponér ved langsom aftrapning over én til flere måneder efter en individuel plan. Reducer dosis med fx 25-50 % med 1-2 ugers mellemrum. Brug evt. tabletdeler.  Ved seponeringssymptomer: Forlæng tiden mellem dosisreduktionerne eller foretag langsommere dosisreduktion. Kan især være nødvendigt sidst i forløbet.
N06AB;Seponér antidepressiva givet for søvnbesvær inden for 2-4 ugers behandling. HVORDAN: Seponér ved langsom aftrapning over én til flere måneder efter en individuel plan. Reducer dosis med fx 25-50 % med 1-2 ugers mellemrum. Brug evt. tabletdeler.  Ved seponeringssymptomer: Forlæng tiden mellem dosisreduktionerne eller foretag langsommere dosisreduktion. Kan især være nødvendigt sidst i forløbet.
N06DA;Seponér lægemidler mod demens ved meget svær demens (fx sengeliggende uden sprog). HVORDAN: Kan seponeres uden aftrapning. Genoptag behandlingen ved optitrering i samråd med pårørende/plejepersonale ved markant forværring inden for 2-4 uger efter seponering.
N06DX01;Seponér lægemidler mod demens ved meget svær demens (fx sengeliggende uden sprog). HVORDAN: Kan seponeres uden aftrapning. Genoptag behandlingen ved optitrering i samråd med pårørende/plejepersonale ved markant forværring inden for 2-4 uger efter seponering.
N06DX01;Overvej seponering af lægemidler mod demens ved demens og tvivl om mærkbar effekt af behandlingen. HVORDAN: Kan seponeres uden aftrapning. Genoptag behandlingen ved optitrering i samråd med pårørende/plejepersonale ved markant forværring inden for 2-4 uger efter seponering.
N06DA;Overvej seponering af lægemidler mod demens ved demens og tvivl om mærkbar effekt af behandlingen. HVORDAN: Kan seponeres uden aftrapning. Genoptag behandlingen ved optitrering i samråd med pårørende/plejepersonale ved markant forværring inden for 2-4 uger efter seponering.
N06DX01;Overvej seponering af lægemidler mod demens ved svær skrøbelighed og/eller kort restlevetid. HVORDAN: Kan seponeres uden aftrapning. Genoptag behandlingen ved optitrering i samråd med pårørende/plejepersonale ved markant forværring inden for 2-4 uger efter seponering.
N06DA;Overvej seponering af lægemidler mod demens ved svær skrøbelighed og/eller kort restlevetid. HVORDAN: Kan seponeres uden aftrapning. Genoptag behandlingen ved optitrering i samråd med pårørende/plejepersonale ved markant forværring inden for 2-4 uger efter seponering.
R03AL11;Overvej seponering af inhalationssteroid (ICS) ved stabil KOL med eosinofilocytter i blod under 0,15 x 109/L. HVORFOR: ICS øger risiko for pneumoni, knogleskørhed og mundsvamp. Har patienten en astma komponent, er ICS indiceret. HVORDAN: Seponér gradvist ICS, reducér fx til halv dosis og fortsæt behandling i 6-8 uger efterfulgt af seponering. ICS findes i flere kombinationspræparater. Det kan derfor være nødvendigt at opsplitte i flere præparater i en periode.
R03AL09;Overvej seponering af inhalationssteroid (ICS) ved stabil KOL med eosinofilocytter i blod under 0,15 x 109/L. HVORFOR: ICS øger risiko for pneumoni, knogleskørhed og mundsvamp. Har patienten en astma komponent, er ICS indiceret. HVORDAN: Seponér gradvist ICS, reducér fx til halv dosis og fortsæt behandling i 6-8 uger efterfulgt af seponering. ICS findes i flere kombinationspræparater. Det kan derfor være nødvendigt at opsplitte i flere præparater i en periode.
R03BA;Overvej seponering af inhalationssteroid (ICS) ved stabil KOL med eosinofilocytter i blod under 0,15 x 109/L. HVORFOR: ICS øger risiko for pneumoni, knogleskørhed og mundsvamp. Har patienten en astma komponent, er ICS indiceret. HVORDAN: Seponér gradvist ICS, reducér fx til halv dosis og fortsæt behandling i 6-8 uger efterfulgt af seponering. ICS findes i flere kombinationspræparater. Det kan derfor være nødvendigt at opsplitte i flere præparater i en periode.
R03AL12;Overvej seponering af inhalationssteroid (ICS) ved stabil KOL med eosinofilocytter i blod under 0,15 x 109/L. HVORFOR: ICS øger risiko for pneumoni, knogleskørhed og mundsvamp. Har patienten en astma komponent, er ICS indiceret. HVORDAN: Seponér gradvist ICS, reducér fx til halv dosis og fortsæt behandling i 6-8 uger efterfulgt af seponering. ICS findes i flere kombinationspræparater. Det kan derfor være nødvendigt at opsplitte i flere præparater i en periode.
R03AL08;Overvej seponering af inhalationssteroid (ICS) ved stabil KOL med eosinofilocytter i blod under 0,15 x 109/L. HVORFOR: ICS øger risiko for pneumoni, knogleskørhed og mundsvamp. Har patienten en astma komponent, er ICS indiceret. HVORDAN: Seponér gradvist ICS, reducér fx til halv dosis og fortsæt behandling i 6-8 uger efterfulgt af seponering. ICS findes i flere kombinationspræparater. Det kan derfor være nødvendigt at opsplitte i flere præparater i en periode.
R03AK;Overvej seponering af inhalationssteroid (ICS) ved stabil KOL med eosinofilocytter i blod under 0,15 x 109/L. HVORFOR: ICS øger risiko for pneumoni, knogleskørhed og mundsvamp. Har patienten en astma komponent, er ICS indiceret. HVORDAN: Seponér gradvist ICS, reducér fx til halv dosis og fortsæt behandling i 6-8 uger efterfulgt af seponering. ICS findes i flere kombinationspræparater. Det kan derfor være nødvendigt at opsplitte i flere præparater i en periode.
R03AK;Overvej seponering af inhalationssteroid (ICS) ved eosinofilocytter i blod mellem 0,15^0,3 x 109/L og højst 1 exacerbation årligt samt en lungefunktion (FEV1) over 1,5 L eller over 50 %. HVORFOR: ICS øger risiko for pneumoni, knogleskørhed og mundsvamp. Har patienten en astma komponent, er ICS indiceret. HVORDAN: Seponér gradvist ICS, reducér fx til halv dosis og fortsæt behandlingi 6-8 uger efterfulgt af seponering. ICS findes i flere kombinationspræparater. Det kan derfor være nødvendigt at opsplitte i flere præparater i en periode.
R03BA;Overvej seponering af inhalationssteroid (ICS) ved eosinofilocytter i blod mellem 0,15^0,3 x 109/L og højst 1 exacerbation årligt samt en lungefunktion (FEV1) over 1,5 L eller over 50 %. HVORFOR: ICS øger risiko for pneumoni, knogleskørhed og mundsvamp. Har patienten en astma komponent, er ICS indiceret. HVORDAN: Seponér gradvist ICS, reducér fx til halv dosis og fortsæt behandlingi 6-8 uger efterfulgt af seponering. ICS findes i flere kombinationspræparater. Det kan derfor være nødvendigt at opsplitte i flere præparater i en periode.
R03AL;Overvej seponering af inhalationssteroid (ICS) ved eosinofilocytter i blod mellem 0,15^0,3 x 109/L og højst 1 exacerbation årligt samt en lungefunktion (FEV1) over 1,5 L eller over 50 %. HVORFOR: ICS øger risiko for pneumoni, knogleskørhed og mundsvamp. Har patienten en astma komponent, er ICS indiceret. HVORDAN: Seponér gradvist ICS, reducér fx til halv dosis og fortsæt behandlingi 6-8 uger efterfulgt af seponering. ICS findes i flere kombinationspræparater. Det kan derfor være nødvendigt at opsplitte i flere præparater i en periode.
R06AD;Seponér sederende antihistaminer ved søvnløshed. HVORFOR: Effekten er lille til moderat, og der udvikles hurtigt tolerance. Risiko for dagsedation. Der er rapporteret tilfælde af misbrug. HVORDAN: Kan seponeres uden aftrapning.
R06AA02;Seponér sederende antihistaminer ved søvnløshed. HVORFOR: Effekten er lille til moderat, og der udvikles hurtigt tolerance. Risiko for dagsedation. Der er rapporteret tilfælde af misbrug. HVORDAN: Kan seponeres uden aftrapning.
R06AE05;Seponér sederende antihistaminer ved søvnløshed. HVORFOR: Effekten er lille til moderat, og der udvikles hurtigt tolerance. Risiko for dagsedation. Der er rapporteret tilfælde af misbrug. HVORDAN: Kan seponeres uden aftrapning.
N05BB01;Seponér sederende antihistaminer ved søvnløshed. HVORFOR: Effekten er lille til moderat, og der udvikles hurtigt tolerance. Risiko for dagsedation. Der er rapporteret tilfælde af misbrug. HVORDAN: Kan seponeres uden aftrapning.
R06AE03;Seponér sederende antihistaminer ved søvnløshed. HVORFOR: Effekten er lille til moderat, og der udvikles hurtigt tolerance. Risiko for dagsedation. Der er rapporteret tilfælde af misbrug. HVORDAN: Kan seponeres uden aftrapning.
R06AA04;Seponér sederende antihistaminer ved søvnløshed. HVORFOR: Effekten er lille til moderat, og der udvikles hurtigt tolerance. Risiko for dagsedation. Der er rapporteret tilfælde af misbrug. HVORDAN: Kan seponeres uden aftrapning.
R06AD;Seponér sederende antihistaminer ved angst og uro. HVORFOR: Effekten er lille til moderat. Tolerans udvikles hurtigt. Risiko for dagsedation og misbrugspotentiale. Promethazin er et stof med stærk antikolinerg virkning og man bør derfor overveje at seponere uafhængig af øvrig medicin ved observerede bivirkninger. HVORDAN: Kan seponeres uden aftrapning.
R06AA02;Seponér sederende antihistaminer ved angst og uro. HVORFOR: Effekten er lille til moderat. Tolerans udvikles hurtigt. Risiko for dagsedation og misbrugspotentiale. Promethazin er et stof med stærk antikolinerg virkning og man bør derfor overveje at seponere uafhængig af øvrig medicin ved observerede bivirkninger. HVORDAN: Kan seponeres uden aftrapning.
R06AE05;Seponér sederende antihistaminer ved angst og uro. HVORFOR: Effekten er lille til moderat. Tolerans udvikles hurtigt. Risiko for dagsedation og misbrugspotentiale. Promethazin er et stof med stærk antikolinerg virkning og man bør derfor overveje at seponere uafhængig af øvrig medicin ved observerede bivirkninger. HVORDAN: Kan seponeres uden aftrapning.
N05BB01;Seponér sederende antihistaminer ved angst og uro. HVORFOR: Effekten er lille til moderat. Tolerans udvikles hurtigt. Risiko for dagsedation og misbrugspotentiale. Promethazin er et stof med stærk antikolinerg virkning og man bør derfor overveje at seponere uafhængig af øvrig medicin ved observerede bivirkninger. HVORDAN: Kan seponeres uden aftrapning.
R06AE03;Seponér sederende antihistaminer ved angst og uro. HVORFOR: Effekten er lille til moderat. Tolerans udvikles hurtigt. Risiko for dagsedation og misbrugspotentiale. Promethazin er et stof med stærk antikolinerg virkning og man bør derfor overveje at seponere uafhængig af øvrig medicin ved observerede bivirkninger. HVORDAN: Kan seponeres uden aftrapning.
R06AA04;Seponér sederende antihistaminer ved angst og uro. HVORFOR: Effekten er lille til moderat. Tolerans udvikles hurtigt. Risiko for dagsedation og misbrugspotentiale. Promethazin er et stof med stærk antikolinerg virkning og man bør derfor overveje at seponere uafhængig af øvrig medicin ved observerede bivirkninger. HVORDAN: Kan seponeres uden aftrapning.
